{"type":"FeatureCollection","generated":"2026-08-21T03:57:26.265001Z","source":"Aviation Weather Center METAR Cache","bounds":{"west":-106.0,"east":-95.0,"south":36.5,"north":46.5},"feature_count":245,"features":[{"type":"Feature","geometry":{"type":"Point","coordinates":[-103.999,40.885]},"properties":{"station":"K1OW","observation_time":"2026-08-21T02:55:00Z","age_hours":1.04,"temp_c":22.4,"temp_f":72.3,"dewpoint_c":14.5,"dewpoint_f":58.1,"relative_humidity":61.0,"wind_direction":150.0,"wind_speed_kt":5.0,"wind_speed_mph":5.8,"wind_gust_kt":null,"wind_gust_mph":null,"visibility_mi":null,"altimeter_inhg":30.35,"weather":null,"raw_metar":"METAR K1OW 210255Z AUTO 15005KT 10SM CLR 22/15 A3035 RMK AO2 SLP214 T02240145 53013 $","network":"METAR","source":"Aviation Weather Center"}},{"type":"Feature","geometry":{"type":"Point","coordinates":[-102.83,41.325]},"properties":{"station":"K1HW","observation_time":"2026-08-21T02:55:00Z","age_hours":1.04,"temp_c":24.1,"temp_f":75.4,"dewpoint_c":12.7,"dewpoint_f":54.9,"relative_humidity":48.9,"wind_direction":160.0,"wind_speed_kt":5.0,"wind_speed_mph":5.8,"wind_gust_kt":null,"wind_gust_mph":null,"visibility_mi":null,"altimeter_inhg":30.12,"weather":null,"raw_metar":"METAR K1HW 210255Z AUTO 16005KT 10SM CLR 24/13 A3012 RMK AO2 SLP152 T02410127 53012 $","network":"METAR","source":"Aviation Weather Center"}},{"type":"Feature","geometry":{"type":"Point","coordinates":[-104.751,38.6756]},"properties":{"station":"KFCS","observation_time":"2026-08-21T02:55:00Z","age_hours":1.04,"temp_c":19.9,"temp_f":67.8,"dewpoint_c":14.5,"dewpoint_f":58.1,"relative_humidity":71.1,"wind_direction":360.0,"wind_speed_kt":7.0,"wind_speed_mph":8.1,"wind_gust_kt":null,"wind_gust_mph":null,"visibility_mi":null,"altimeter_inhg":30.31,"weather":null,"raw_metar":"METAR KFCS 210255Z AUTO 36007KT 10SM FEW170 SCT190 20/15 A3031 RMK AO2 SLP202 T01990145 53009 $","network":"METAR","source":"Aviation Weather Center"}},{"type":"Feature","geometry":{"type":"Point","coordinates":[-96.7617,39.0568]},"properties":{"station":"KFRI","observation_time":"2026-08-21T02:55:00Z","age_hours":1.04,"temp_c":24.5,"temp_f":76.1,"dewpoint_c":20.2,"dewpoint_f":68.4,"relative_humidity":77.0,"wind_direction":0.0,"wind_speed_kt":0.0,"wind_speed_mph":0.0,"wind_gust_kt":null,"wind_gust_mph":null,"visibility_mi":null,"altimeter_inhg":30.02,"weather":null,"raw_metar":"METAR KFRI 210255Z AUTO 00000KT 10SM CLR 25/20 A3002 RMK AO2 SLP155 T02450202 52006","network":"METAR","source":"Aviation Weather Center"}},{"type":"Feature","geometry":{"type":"Point","coordinates":[-103.477,40.704]},"properties":{"station":"K1MW","observation_time":"2026-08-21T02:55:00Z","age_hours":1.04,"temp_c":24.1,"temp_f":75.4,"dewpoint_c":16.1,"dewpoint_f":61.0,"relative_humidity":61.0,"wind_direction":120.0,"wind_speed_kt":3.0,"wind_speed_mph":3.5,"wind_gust_kt":null,"wind_gust_mph":null,"visibility_mi":9.0,"altimeter_inhg":30.15,"weather":null,"raw_metar":"METAR K1MW 210255Z AUTO 12003KT 9SM CLR 24/16 A3015 RMK AO2 SLP157 T02410161 $","network":"METAR","source":"Aviation Weather Center"}},{"type":"Feature","geometry":{"type":"Point","coordinates":[-98.2227,44.3792]},"properties":{"station":"KHON","observation_time":"2026-08-21T02:55:00Z","age_hours":1.04,"temp_c":22.2,"temp_f":72.0,"dewpoint_c":18.3,"dewpoint_f":64.9,"relative_humidity":78.6,"wind_direction":0.0,"wind_speed_kt":0.0,"wind_speed_mph":0.0,"wind_gust_kt":null,"wind_gust_mph":null,"visibility_mi":null,"altimeter_inhg":29.97,"weather":null,"raw_metar":"METAR KHON 210255Z AUTO 00000KT 10SM CLR 22/18 A2997 RMK AO2 RAB0157E07 SLP144 P0000 60000 T02220183 53017","network":"METAR","source":"Aviation Weather Center"}},{"type":"Feature","geometry":{"type":"Point","coordinates":[-103.836,40.632]},"properties":{"station":"K1NW","observation_time":"2026-08-21T02:55:00Z","age_hours":1.04,"temp_c":24.4,"temp_f":75.9,"dewpoint_c":13.9,"dewpoint_f":57.0,"relative_humidity":52.0,"wind_direction":140.0,"wind_speed_kt":6.0,"wind_speed_mph":6.9,"wind_gust_kt":null,"wind_gust_mph":null,"visibility_mi":null,"altimeter_inhg":30.17,"weather":null,"raw_metar":"METAR K1NW 210255Z AUTO 14006KT 10SM CLR 24/14 A3017 RMK AO2 SLP156 T02440139 53009 $","network":"METAR","source":"Aviation Weather Center"}},{"type":"Feature","geometry":{"type":"Point","coordinates":[-104.52,38.8]},"properties":{"station":"KSHM","observation_time":"2026-08-21T02:55:00Z","age_hours":1.04,"temp_c":23.8,"temp_f":74.8,"dewpoint_c":10.1,"dewpoint_f":50.2,"relative_humidity":41.9,"wind_direction":300.0,"wind_speed_kt":3.0,"wind_speed_mph":3.5,"wind_gust_kt":null,"wind_gust_mph":null,"visibility_mi":null,"altimeter_inhg":30.3,"weather":null,"raw_metar":"METAR KSHM 210255Z AUTO 30003KT 10SM BKN210 OVC230 24/10 A3030 RMK AO2 SLP168 T02380101 50011 $","network":"METAR","source":"Aviation Weather Center"}},{"type":"Feature","geometry":{"type":"Point","coordinates":[-104.847,38.748]},"properties":{"station":"KCWN","observation_time":"2026-08-21T02:55:00Z","age_hours":1.04,"temp_c":21.4,"temp_f":70.5,"dewpoint_c":9.0,"dewpoint_f":48.2,"relative_humidity":45.1,"wind_direction":300.0,"wind_speed_kt":3.0,"wind_speed_mph":3.5,"wind_gust_kt":null,"wind_gust_mph":null,"visibility_mi":null,"altimeter_inhg":30.37,"weather":null,"raw_metar":"METAR KCWN 210255Z AUTO 30003KT 10SM OVC160 21/09 A3037 RMK AO2 SLP086 T02140090 50010 PWINO $","network":"METAR","source":"Aviation Weather Center"}},{"type":"Feature","geometry":{"type":"Point","coordinates":[-103.488,41.137]},"properties":{"station":"K1KW","observation_time":"2026-08-21T02:55:00Z","age_hours":1.04,"temp_c":22.4,"temp_f":72.3,"dewpoint_c":11.1,"dewpoint_f":52.0,"relative_humidity":48.8,"wind_direction":150.0,"wind_speed_kt":7.0,"wind_speed_mph":8.1,"wind_gust_kt":null,"wind_gust_mph":null,"visibility_mi":null,"altimeter_inhg":30.16,"weather":null,"raw_metar":"METAR K1KW 210255Z AUTO 15007KT 10SM CLR 22/11 A3016 RMK AO2 SLP154 T02240111 53012 $","network":"METAR","source":"Aviation Weather Center"}},{"type":"Feature","geometry":{"type":"Point","coordinates":[-103.6674,39.2733]},"properties":{"station":"KLIC","observation_time":"2026-08-21T02:55:00Z","age_hours":1.04,"temp_c":20.0,"temp_f":68.0,"dewpoint_c":15.0,"dewpoint_f":59.0,"relative_humidity":72.9,"wind_direction":360.0,"wind_speed_kt":4.0,"wind_speed_mph":4.6,"wind_gust_kt":null,"wind_gust_mph":null,"visibility_mi":null,"altimeter_inhg":30.26,"weather":null,"raw_metar":"METAR KLIC 210255Z AUTO 36004KT 10SM CLR 20/15 A3026 RMK AO2 SLP167 T02000150 53009","network":"METAR","source":"Aviation Weather Center"}},{"type":"Feature","geometry":{"type":"Point","coordinates":[-101.6014,44.051]},"properties":{"station":"KPHP","observation_time":"2026-08-21T02:55:00Z","age_hours":1.04,"temp_c":21.7,"temp_f":71.1,"dewpoint_c":11.7,"dewpoint_f":53.1,"relative_humidity":53.0,"wind_direction":120.0,"wind_speed_kt":4.0,"wind_speed_mph":4.6,"wind_gust_kt":null,"wind_gust_mph":null,"visibility_mi":null,"altimeter_inhg":30.03,"weather":null,"raw_metar":"METAR KPHP 210255Z AUTO 12004KT 10SM CLR 22/12 A3003 RMK AO2 SLP149 T02170117 53009","network":"METAR","source":"Aviation Weather Center"}},{"type":"Feature","geometry":{"type":"Point","coordinates":[-104.869,41.141]},"properties":{"station":"KFEW","observation_time":"2026-08-21T02:55:00Z","age_hours":1.04,"temp_c":21.8,"temp_f":71.2,"dewpoint_c":11.8,"dewpoint_f":53.2,"relative_humidity":53.0,"wind_direction":180.0,"wind_speed_kt":6.0,"wind_speed_mph":6.9,"wind_gust_kt":null,"wind_gust_mph":null,"visibility_mi":null,"altimeter_inhg":30.29,"weather":null,"raw_metar":"METAR KFEW 210255Z AUTO 18006KT 10SM OVC120 22/12 A3029 RMK AO2 SLP163 T02180118 53012 $","network":"METAR","source":"Aviation Weather Center"}},{"type":"Feature","geometry":{"type":"Point","coordinates":[-104.732,42.261]},"properties":{"station":"KGUR","observation_time":"2026-08-21T02:55:00Z","age_hours":1.04,"temp_c":25.3,"temp_f":77.5,"dewpoint_c":9.1,"dewpoint_f":48.4,"relative_humidity":35.9,"wind_direction":0.0,"wind_speed_kt":0.0,"wind_speed_mph":0.0,"wind_gust_kt":null,"wind_gust_mph":null,"visibility_mi":null,"altimeter_inhg":30.11,"weather":null,"raw_metar":"METAR KGUR 210255Z AUTO 00000KT 10SM CLR 25/09 A3011 RMK AO2 RAB14E22RAB34E43 SLP164 P0000 60000 T02530091 53009","network":"METAR","source":"Aviation Weather Center"}},{"type":"Feature","geometry":{"type":"Point","coordinates":[-103.118,44.155]},"properties":{"station":"KRCA","observation_time":"2026-08-21T02:55:00Z","age_hours":1.04,"temp_c":24.9,"temp_f":76.8,"dewpoint_c":9.2,"dewpoint_f":48.6,"relative_humidity":37.0,"wind_direction":100.0,"wind_speed_kt":6.0,"wind_speed_mph":6.9,"wind_gust_kt":null,"wind_gust_mph":null,"visibility_mi":null,"altimeter_inhg":30.06,"weather":null,"raw_metar":"METAR KRCA 210255Z AUTO 10006KT 10SM CLR 25/09 A3006 RMK AO2 SLP151 T02490092 53008","network":"METAR","source":"Aviation Weather Center"}},{"type":"Feature","geometry":{"type":"Point","coordinates":[-103.573,41.581]},"properties":{"station":"K1CW","observation_time":"2026-08-21T02:55:00Z","age_hours":1.04,"temp_c":26.3,"temp_f":79.3,"dewpoint_c":10.4,"dewpoint_f":50.7,"relative_humidity":36.9,"wind_direction":140.0,"wind_speed_kt":14.0,"wind_speed_mph":16.1,"wind_gust_kt":null,"wind_gust_mph":null,"visibility_mi":null,"altimeter_inhg":30.15,"weather":null,"raw_metar":"METAR K1CW 210255Z AUTO 14014KT 10SM CLR 26/10 A3015 RMK AO2 SLP150 T02630104 53009 PWINO $","network":"METAR","source":"Aviation Weather Center"}},{"type":"Feature","geometry":{"type":"Point","coordinates":[-97.6508,39.5513]},"properties":{"station":"KCNK","observation_time":"2026-08-21T02:55:00Z","age_hours":1.04,"temp_c":23.9,"temp_f":75.0,"dewpoint_c":20.6,"dewpoint_f":69.1,"relative_humidity":81.8,"wind_direction":160.0,"wind_speed_kt":9.0,"wind_speed_mph":10.4,"wind_gust_kt":null,"wind_gust_mph":null,"visibility_mi":null,"altimeter_inhg":30.05,"weather":null,"raw_metar":"METAR KCNK 210255Z AUTO 16009KT 10SM CLR 24/21 A3005 RMK AO2 SLP162 T02390206 51008","network":"METAR","source":"Aviation Weather Center"}},{"type":"Feature","geometry":{"type":"Point","coordinates":[-103.995,41.511]},"properties":{"station":"K1BW","observation_time":"2026-08-21T02:55:00Z","age_hours":1.04,"temp_c":23.1,"temp_f":73.6,"dewpoint_c":7.2,"dewpoint_f":45.0,"relative_humidity":36.0,"wind_direction":160.0,"wind_speed_kt":11.0,"wind_speed_mph":12.7,"wind_gust_kt":null,"wind_gust_mph":null,"visibility_mi":null,"altimeter_inhg":30.24,"weather":null,"raw_metar":"METAR K1BW 210255Z AUTO 16011KT 10SM CLR 23/07 A3024 RMK AO2 SLP173 T02310072 53009 $","network":"METAR","source":"Aviation Weather Center"}},{"type":"Feature","geometry":{"type":"Point","coordinates":[-103.983,41.103]},"properties":{"station":"K1EW","observation_time":"2026-08-21T02:55:00Z","age_hours":1.04,"temp_c":21.7,"temp_f":71.1,"dewpoint_c":14.3,"dewpoint_f":57.7,"relative_humidity":62.8,"wind_direction":180.0,"wind_speed_kt":8.0,"wind_speed_mph":9.2,"wind_gust_kt":null,"wind_gust_mph":null,"visibility_mi":null,"altimeter_inhg":30.2,"weather":null,"raw_metar":"METAR K1EW 210255Z AUTO 18008KT 10SM CLR 22/14 A3020 RMK AO2 SLP162 T02170143 53011 $","network":"METAR","source":"Aviation Weather Center"}},{"type":"Feature","geometry":{"type":"Point","coordinates":[-103.097,41.208]},"properties":{"station":"K1GW","observation_time":"2026-08-21T02:55:00Z","age_hours":1.04,"temp_c":24.3,"temp_f":75.7,"dewpoint_c":13.8,"dewpoint_f":56.8,"relative_humidity":51.9,"wind_direction":210.0,"wind_speed_kt":3.0,"wind_speed_mph":3.5,"wind_gust_kt":null,"wind_gust_mph":null,"visibility_mi":null,"altimeter_inhg":30.18,"weather":null,"raw_metar":"METAR K1GW 210255Z AUTO 21003KT 10SM FEW130 24/14 A3018 RMK AO2 SLP167 T02430138 53014 $","network":"METAR","source":"Aviation Weather Center"}},{"type":"Feature","geometry":{"type":"Point","coordinates":[-104.265,41.329]},"properties":{"station":"K1AW","observation_time":"2026-08-21T02:55:00Z","age_hours":1.04,"temp_c":22.5,"temp_f":72.5,"dewpoint_c":12.7,"dewpoint_f":54.9,"relative_humidity":53.9,"wind_direction":150.0,"wind_speed_kt":4.0,"wind_speed_mph":4.6,"wind_gust_kt":null,"wind_gust_mph":null,"visibility_mi":null,"altimeter_inhg":30.23,"weather":null,"raw_metar":"METAR K1AW 210255Z AUTO 15004KT 10SM CLR 23/13 A3023 RMK AO2 LTG DSNT S SLP164 T02250127 53010 $","network":"METAR","source":"Aviation Weather Center"}},{"type":"Feature","geometry":{"type":"Point","coordinates":[-95.91,41.122]},"properties":{"station":"KOFF","observation_time":"2026-08-21T02:55:00Z","age_hours":1.04,"temp_c":23.3,"temp_f":73.9,"dewpoint_c":20.6,"dewpoint_f":69.1,"relative_humidity":84.8,"wind_direction":100.0,"wind_speed_kt":4.0,"wind_speed_mph":4.6,"wind_gust_kt":null,"wind_gust_mph":null,"visibility_mi":null,"altimeter_inhg":30.03,"weather":null,"raw_metar":"METAR KOFF 210255Z 10004KT 10SM SCT250 23/21 A3003 RMK AO2A SLP166 T02330206 53009 $","network":"METAR","source":"Aviation Weather Center"}},{"type":"Feature","geometry":{"type":"Point","coordinates":[-103.691,40.921]},"properties":{"station":"K1LW","observation_time":"2026-08-21T02:55:00Z","age_hours":1.04,"temp_c":25.5,"temp_f":77.9,"dewpoint_c":12.7,"dewpoint_f":54.9,"relative_humidity":45.0,"wind_direction":140.0,"wind_speed_kt":3.0,"wind_speed_mph":3.5,"wind_gust_kt":null,"wind_gust_mph":null,"visibility_mi":null,"altimeter_inhg":30.2,"weather":null,"raw_metar":"METAR K1LW 210255Z AUTO 14003KT 10SM CLR 26/13 A3020 RMK AO2 SLP164 T02550127 53012 $","network":"METAR","source":"Aviation Weather Center"}},{"type":"Feature","geometry":{"type":"Point","coordinates":[-103.489,41.364]},"properties":{"station":"K1FW","observation_time":"2026-08-21T02:55:00Z","age_hours":1.04,"temp_c":22.1,"temp_f":71.8,"dewpoint_c":11.5,"dewpoint_f":52.7,"relative_humidity":51.0,"wind_direction":150.0,"wind_speed_kt":9.0,"wind_speed_mph":10.4,"wind_gust_kt":null,"wind_gust_mph":null,"visibility_mi":null,"altimeter_inhg":30.17,"weather":null,"raw_metar":"METAR K1FW 210255Z AUTO 15009KT 10SM CLR 22/12 A3017 RMK AO2 SLP154 T02210115 53012 $","network":"METAR","source":"Aviation Weather Center"}},{"type":"Feature","geometry":{"type":"Point","coordinates":[-97.268,37.622]},"properties":{"station":"KIAB","observation_time":"2026-08-21T02:55:00Z","age_hours":1.04,"temp_c":29.6,"temp_f":85.3,"dewpoint_c":18.4,"dewpoint_f":65.1,"relative_humidity":51.0,"wind_direction":100.0,"wind_speed_kt":11.0,"wind_speed_mph":12.7,"wind_gust_kt":null,"wind_gust_mph":null,"visibility_mi":null,"altimeter_inhg":29.99,"weather":null,"raw_metar":"METAR KIAB 210255Z AUTO 10011KT 10SM CLR 30/18 A2999 RMK AO2 SLP139 T02960184 52011","network":"METAR","source":"Aviation Weather Center"}},{"type":"Feature","geometry":{"type":"Point","coordinates":[-102.865,41.046]},"properties":{"station":"K1IW","observation_time":"2026-08-21T02:55:00Z","age_hours":1.04,"temp_c":24.6,"temp_f":76.3,"dewpoint_c":12.8,"dewpoint_f":55.0,"relative_humidity":47.8,"wind_direction":140.0,"wind_speed_kt":8.0,"wind_speed_mph":9.2,"wind_gust_kt":null,"wind_gust_mph":null,"visibility_mi":null,"altimeter_inhg":30.13,"weather":null,"raw_metar":"METAR K1IW 210255Z AUTO 14008KT 10SM CLR 25/13 A3013 RMK AO2 SLP153 T02460128 53012 $","network":"METAR","source":"Aviation Weather Center"}},{"type":"Feature","geometry":{"type":"Point","coordinates":[-95.5759,43.6525]},"properties":{"station":"KOTG","observation_time":"2026-08-21T02:56:00Z","age_hours":1.02,"temp_c":22.8,"temp_f":73.0,"dewpoint_c":21.1,"dewpoint_f":70.0,"relative_humidity":90.1,"wind_direction":210.0,"wind_speed_kt":11.0,"wind_speed_mph":12.7,"wind_gust_kt":16.0,"wind_gust_mph":18.4,"visibility_mi":null,"altimeter_inhg":30.0,"weather":null,"raw_metar":"METAR KOTG 210256Z AUTO 21011G16KT 10SM CLR 23/21 A3000 RMK AO2 SLP153 T02280211 51008","network":"METAR","source":"Aviation Weather Center"}},{"type":"Feature","geometry":{"type":"Point","coordinates":[-95.8215,44.4504]},"properties":{"station":"KMML","observation_time":"2026-08-21T02:56:00Z","age_hours":1.02,"temp_c":25.0,"temp_f":77.0,"dewpoint_c":19.4,"dewpoint_f":66.9,"relative_humidity":71.1,"wind_direction":280.0,"wind_speed_kt":6.0,"wind_speed_mph":6.9,"wind_gust_kt":null,"wind_gust_mph":null,"visibility_mi":null,"altimeter_inhg":29.97,"weather":null,"raw_metar":"METAR KMML 210256Z AUTO 28006KT 10SM BKN046 BKN055 25/19 A2997 RMK AO2 LTG DSNT NE AND E TSB20E54 SLP144 T02500194 53016","network":"METAR","source":"Aviation Weather Center"}},{"type":"Feature","geometry":{"type":"Point","coordinates":[-99.2742,38.8392]},"properties":{"station":"KHYS","observation_time":"2026-08-21T02:56:00Z","age_hours":1.02,"temp_c":26.1,"temp_f":79.0,"dewpoint_c":20.0,"dewpoint_f":68.0,"relative_humidity":69.1,"wind_direction":80.0,"wind_speed_kt":10.0,"wind_speed_mph":11.5,"wind_gust_kt":null,"wind_gust_mph":null,"visibility_mi":null,"altimeter_inhg":30.07,"weather":null,"raw_metar":"METAR KHYS 210256Z AUTO 08010KT 10SM CLR 26/20 A3007 RMK AO2 LTG DSNT W SLP167 T02610200 53020 $","network":"METAR","source":"Aviation Weather Center"}},{"type":"Feature","geometry":{"type":"Point","coordinates":[-100.9574,37.0375]},"properties":{"station":"KLBL","observation_time":"2026-08-21T02:56:00Z","age_hours":1.02,"temp_c":29.4,"temp_f":84.9,"dewpoint_c":17.2,"dewpoint_f":63.0,"relative_humidity":47.9,"wind_direction":90.0,"wind_speed_kt":11.0,"wind_speed_mph":12.7,"wind_gust_kt":null,"wind_gust_mph":null,"visibility_mi":null,"altimeter_inhg":30.05,"weather":null,"raw_metar":"METAR KLBL 210256Z AUTO 09011KT 10SM CLR 29/17 A3005 RMK AO2 SLP135 T02940172 53013","network":"METAR","source":"Aviation Weather Center"}},{"type":"Feature","geometry":{"type":"Point","coordinates":[-105.0097,40.4427]},"properties":{"station":"KFNL","observation_time":"2026-08-21T02:56:00Z","age_hours":1.02,"temp_c":26.7,"temp_f":80.1,"dewpoint_c":11.1,"dewpoint_f":52.0,"relative_humidity":37.7,"wind_direction":150.0,"wind_speed_kt":8.0,"wind_speed_mph":9.2,"wind_gust_kt":null,"wind_gust_mph":null,"visibility_mi":null,"altimeter_inhg":30.22,"weather":null,"raw_metar":"METAR KFNL 210256Z 15008KT 10SM CLR 27/11 A3022 RMK AO2 SLP158 T02670111 53009 $","network":"METAR","source":"Aviation Weather Center"}},{"type":"Feature","geometry":{"type":"Point","coordinates":[-98.5463,37.2664]},"properties":{"station":"KP28","observation_time":"2026-08-21T02:56:00Z","age_hours":1.02,"temp_c":30.0,"temp_f":86.0,"dewpoint_c":16.7,"dewpoint_f":62.1,"relative_humidity":44.8,"wind_direction":80.0,"wind_speed_kt":9.0,"wind_speed_mph":10.4,"wind_gust_kt":null,"wind_gust_mph":null,"visibility_mi":null,"altimeter_inhg":30.0,"weather":null,"raw_metar":"METAR KP28 210256Z AUTO 08009KT 30/17 A3000 RMK AO1 SLPNO T03000167 53017 $","network":"METAR","source":"Aviation Weather Center"}},{"type":"Feature","geometry":{"type":"Point","coordinates":[-96.7539,43.5775]},"properties":{"station":"KFSD","observation_time":"2026-08-21T02:56:00Z","age_hours":1.02,"temp_c":21.7,"temp_f":71.1,"dewpoint_c":17.2,"dewpoint_f":63.0,"relative_humidity":75.6,"wind_direction":0.0,"wind_speed_kt":4.0,"wind_speed_mph":4.6,"wind_gust_kt":null,"wind_gust_mph":null,"visibility_mi":null,"altimeter_inhg":29.98,"weather":null,"raw_metar":"METAR KFSD 210256Z VRB04KT 10SM CLR 22/17 A2998 RMK AO2 SLP146 60006 T02170172 51024","network":"METAR","source":"Aviation Weather Center"}},{"type":"Feature","geometry":{"type":"Point","coordinates":[-102.02,45.0326]},"properties":{"station":"KD07","observation_time":"2026-08-21T02:56:00Z","age_hours":1.02,"temp_c":21.7,"temp_f":71.1,"dewpoint_c":10.0,"dewpoint_f":50.0,"relative_humidity":47.3,"wind_direction":80.0,"wind_speed_kt":7.0,"wind_speed_mph":8.1,"wind_gust_kt":null,"wind_gust_mph":null,"visibility_mi":null,"altimeter_inhg":30.06,"weather":null,"raw_metar":"METAR KD07 210256Z AUTO 08007KT 22/10 A3006 RMK AO1 SLP165 T02170100 53010","network":"METAR","source":"Aviation Weather Center"}},{"type":"Feature","geometry":{"type":"Point","coordinates":[-99.0086,40.7193]},"properties":{"station":"KEAR","observation_time":"2026-08-21T02:56:00Z","age_hours":1.02,"temp_c":25.0,"temp_f":77.0,"dewpoint_c":18.3,"dewpoint_f":64.9,"relative_humidity":66.4,"wind_direction":40.0,"wind_speed_kt":4.0,"wind_speed_mph":4.6,"wind_gust_kt":null,"wind_gust_mph":null,"visibility_mi":null,"altimeter_inhg":30.06,"weather":null,"raw_metar":"METAR KEAR 210256Z AUTO 04004KT 10SM CLR 25/18 A3006 RMK AO2 PK WND 19030/0157 SLP162 T02500183 55001","network":"METAR","source":"Aviation Weather Center"}},{"type":"Feature","geometry":{"type":"Point","coordinates":[-97.4335,41.9799]},"properties":{"station":"KOFK","observation_time":"2026-08-21T02:56:00Z","age_hours":1.02,"temp_c":23.3,"temp_f":73.9,"dewpoint_c":19.4,"dewpoint_f":66.9,"relative_humidity":78.7,"wind_direction":160.0,"wind_speed_kt":5.0,"wind_speed_mph":5.8,"wind_gust_kt":null,"wind_gust_mph":null,"visibility_mi":null,"altimeter_inhg":30.04,"weather":null,"raw_metar":"METAR KOFK 210256Z AUTO 16005KT 10SM CLR 23/19 A3004 RMK AO2 SLP162 T02330194 53010","network":"METAR","source":"Aviation Weather Center"}},{"type":"Feature","geometry":{"type":"Point","coordinates":[-104.816,38.971]},"properties":{"station":"KAFF","observation_time":"2026-08-21T02:56:00Z","age_hours":1.02,"temp_c":22.2,"temp_f":72.0,"dewpoint_c":9.4,"dewpoint_f":48.9,"relative_humidity":44.1,"wind_direction":330.0,"wind_speed_kt":5.0,"wind_speed_mph":5.8,"wind_gust_kt":null,"wind_gust_mph":null,"visibility_mi":null,"altimeter_inhg":30.35,"weather":null,"raw_metar":"METAR KAFF 210256Z 33005KT 10SM SCT080 BKN150 22/09 A3035 RMK AO2A SLP172 60000 T02220094 50008","network":"METAR","source":"Aviation Weather Center"}},{"type":"Feature","geometry":{"type":"Point","coordinates":[-96.8183,44.3075]},"properties":{"station":"KBKX","observation_time":"2026-08-21T02:56:00Z","age_hours":1.02,"temp_c":22.8,"temp_f":73.0,"dewpoint_c":19.4,"dewpoint_f":66.9,"relative_humidity":81.2,"wind_direction":200.0,"wind_speed_kt":9.0,"wind_speed_mph":10.4,"wind_gust_kt":null,"wind_gust_mph":null,"visibility_mi":null,"altimeter_inhg":30.0,"weather":null,"raw_metar":"METAR KBKX 210256Z AUTO 20009KT 10SM OVC095 23/19 A3000 RMK AO2 SLP160 T02280194 53020","network":"METAR","source":"Aviation Weather Center"}},{"type":"Feature","geometry":{"type":"Point","coordinates":[-97.3391,41.4472]},"properties":{"station":"KOLU","observation_time":"2026-08-21T02:56:00Z","age_hours":1.02,"temp_c":20.6,"temp_f":69.1,"dewpoint_c":20.0,"dewpoint_f":68.0,"relative_humidity":96.4,"wind_direction":160.0,"wind_speed_kt":4.0,"wind_speed_mph":4.6,"wind_gust_kt":null,"wind_gust_mph":null,"visibility_mi":null,"altimeter_inhg":30.05,"weather":null,"raw_metar":"METAR KOLU 210256Z AUTO 16004KT 10SM CLR 21/20 A3005 RMK AO2 RAE19 SLP169 P0000 60000 T02060200 53004","network":"METAR","source":"Aviation Weather Center"}},{"type":"Feature","geometry":{"type":"Point","coordinates":[-104.6296,40.4345]},"properties":{"station":"KGXY","observation_time":"2026-08-21T02:56:00Z","age_hours":1.02,"temp_c":25.0,"temp_f":77.0,"dewpoint_c":13.9,"dewpoint_f":57.0,"relative_humidity":50.1,"wind_direction":120.0,"wind_speed_kt":4.0,"wind_speed_mph":4.6,"wind_gust_kt":null,"wind_gust_mph":null,"visibility_mi":null,"altimeter_inhg":30.2,"weather":null,"raw_metar":"METAR KGXY 210256Z 12004KT 10SM CLR 25/14 A3020 RMK AO2 SLP184 T02500139 53010","network":"METAR","source":"Aviation Weather Center"}},{"type":"Feature","geometry":{"type":"Point","coordinates":[-97.275,38.0621]},"properties":{"station":"KEWK","observation_time":"2026-08-21T02:56:00Z","age_hours":1.02,"temp_c":25.6,"temp_f":78.1,"dewpoint_c":18.9,"dewpoint_f":66.0,"relative_humidity":66.5,"wind_direction":90.0,"wind_speed_kt":7.0,"wind_speed_mph":8.1,"wind_gust_kt":null,"wind_gust_mph":null,"visibility_mi":null,"altimeter_inhg":30.06,"weather":null,"raw_metar":"METAR KEWK 210256Z AUTO 09007KT 10SM CLR 26/19 A3006 RMK AO2 SLP161 T02560189 53011 $","network":"METAR","source":"Aviation Weather Center"}},{"type":"Feature","geometry":{"type":"Point","coordinates":[-97.3807,42.9141]},"properties":{"station":"KYKN","observation_time":"2026-08-21T02:56:00Z","age_hours":1.02,"temp_c":23.9,"temp_f":75.0,"dewpoint_c":21.1,"dewpoint_f":70.0,"relative_humidity":84.4,"wind_direction":190.0,"wind_speed_kt":8.0,"wind_speed_mph":9.2,"wind_gust_kt":null,"wind_gust_mph":null,"visibility_mi":null,"altimeter_inhg":30.0,"weather":null,"raw_metar":"METAR KYKN 210256Z AUTO 19008KT 10SM SCT100 24/21 A3000 RMK AO2 TSE0157 SLP163 6//// T02390211 51018","network":"METAR","source":"Aviation Weather Center"}},{"type":"Feature","geometry":{"type":"Point","coordinates":[-103.547,45.6043]},"properties":{"station":"K2WX","observation_time":"2026-08-21T02:56:00Z","age_hours":1.02,"temp_c":21.1,"temp_f":70.0,"dewpoint_c":10.6,"dewpoint_f":51.1,"relative_humidity":51.1,"wind_direction":60.0,"wind_speed_kt":11.0,"wind_speed_mph":12.7,"wind_gust_kt":null,"wind_gust_mph":null,"visibility_mi":null,"altimeter_inhg":30.08,"weather":null,"raw_metar":"METAR K2WX 210256Z AUTO 06011KT 21/11 A3008 RMK AO1 SLP164 T02110106 53009 $","network":"METAR","source":"Aviation Weather Center"}},{"type":"Feature","geometry":{"type":"Point","coordinates":[-102.6138,37.2834]},"properties":{"station":"KSPD","observation_time":"2026-08-21T02:56:00Z","age_hours":1.02,"temp_c":25.6,"temp_f":78.1,"dewpoint_c":15.0,"dewpoint_f":59.0,"relative_humidity":51.9,"wind_direction":100.0,"wind_speed_kt":5.0,"wind_speed_mph":5.8,"wind_gust_kt":null,"wind_gust_mph":null,"visibility_mi":null,"altimeter_inhg":30.16,"weather":null,"raw_metar":"METAR KSPD 210256Z AUTO 10005KT 26/15 A3016 RMK AO1 SLP139 T02560150 53013","network":"METAR","source":"Aviation Weather Center"}},{"type":"Feature","geometry":{"type":"Point","coordinates":[-96.9918,45.669]},"properties":{"station":"K8D3","observation_time":"2026-08-21T02:56:00Z","age_hours":1.02,"temp_c":18.3,"temp_f":64.9,"dewpoint_c":17.2,"dewpoint_f":63.0,"relative_humidity":93.3,"wind_direction":330.0,"wind_speed_kt":5.0,"wind_speed_mph":5.8,"wind_gust_kt":null,"wind_gust_mph":null,"visibility_mi":null,"altimeter_inhg":29.94,"weather":null,"raw_metar":"METAR K8D3 210256Z AUTO 33005KT 18/17 A2994 RMK AO1 SLP124 T01830172 53012","network":"METAR","source":"Aviation Weather Center"}},{"type":"Feature","geometry":{"type":"Point","coordinates":[-98.8591,38.3405]},"properties":{"station":"KGBD","observation_time":"2026-08-21T02:56:00Z","age_hours":1.02,"temp_c":28.9,"temp_f":84.0,"dewpoint_c":16.7,"dewpoint_f":62.1,"relative_humidity":47.7,"wind_direction":80.0,"wind_speed_kt":10.0,"wind_speed_mph":11.5,"wind_gust_kt":null,"wind_gust_mph":null,"visibility_mi":null,"altimeter_inhg":30.06,"weather":null,"raw_metar":"METAR KGBD 210256Z AUTO 08010KT 10SM CLR 29/17 A3006 RMK AO2 SLP159 T02890167 53019 $","network":"METAR","source":"Aviation Weather Center"}},{"type":"Feature","geometry":{"type":"Point","coordinates":[-104.758,39.713]},"properties":{"station":"KBKF","observation_time":"2026-08-21T02:58:00Z","age_hours":0.99,"temp_c":25.6,"temp_f":78.1,"dewpoint_c":8.1,"dewpoint_f":46.6,"relative_humidity":32.9,"wind_direction":160.0,"wind_speed_kt":8.0,"wind_speed_mph":9.2,"wind_gust_kt":null,"wind_gust_mph":null,"visibility_mi":null,"altimeter_inhg":30.26,"weather":null,"raw_metar":"METAR KBKF 210258Z 16008KT 10SM FEW110 FEW140 SCT220 26/08 A3026 RMK AO2A SLP160 T02560081 53010","network":"METAR","source":"Aviation Weather Center"}},{"type":"Feature","geometry":{"type":"Point","coordinates":[-101.0448,39.8401]},"properties":{"station":"KADT","observation_time":"2026-08-21T03:30:00Z","age_hours":0.46,"temp_c":27.4,"temp_f":81.3,"dewpoint_c":18.0,"dewpoint_f":64.4,"relative_humidity":56.5,"wind_direction":0.0,"wind_speed_kt":0.0,"wind_speed_mph":0.0,"wind_gust_kt":null,"wind_gust_mph":null,"visibility_mi":null,"altimeter_inhg":30.15,"weather":null,"raw_metar":"METAR KADT 210330Z AUTO 00000KT 10SM CLR 27/18 A3015 RMK AO2 LTG DSNT NE AND E T02740180","network":"METAR","source":"Aviation Weather Center"}},{"type":"Feature","geometry":{"type":"Point","coordinates":[-100.862,43.259]},"properties":{"station":"KSUO","observation_time":"2026-08-21T03:30:00Z","age_hours":0.46,"temp_c":22.0,"temp_f":71.6,"dewpoint_c":14.0,"dewpoint_f":57.2,"relative_humidity":60.5,"wind_direction":100.0,"wind_speed_kt":7.0,"wind_speed_mph":8.1,"wind_gust_kt":null,"wind_gust_mph":null,"visibility_mi":8.0,"altimeter_inhg":30.05,"weather":null,"raw_metar":"METAR KSUO 210330Z AUTO 10007KT 8SM CLR 22/14 A3005 RMK AO2","network":"METAR","source":"Aviation Weather Center"}},{"type":"Feature","geometry":{"type":"Point","coordinates":[-95.7792,37.1566]},"properties":{"station":"KIDP","observation_time":"2026-08-21T03:30:00Z","age_hours":0.46,"temp_c":28.0,"temp_f":82.4,"dewpoint_c":18.0,"dewpoint_f":64.4,"relative_humidity":54.6,"wind_direction":70.0,"wind_speed_kt":10.0,"wind_speed_mph":11.5,"wind_gust_kt":null,"wind_gust_mph":null,"visibility_mi":null,"altimeter_inhg":30.01,"weather":null,"raw_metar":"METAR KIDP 210330Z AUTO 07010KT 10SM CLR 28/18 A3001 RMK AO2","network":"METAR","source":"Aviation Weather Center"}},{"type":"Feature","geometry":{"type":"Point","coordinates":[-99.775,40.7915]},"properties":{"station":"KLXN","observation_time":"2026-08-21T03:35:00Z","age_hours":0.37,"temp_c":21.7,"temp_f":71.1,"dewpoint_c":17.5,"dewpoint_f":63.5,"relative_humidity":77.0,"wind_direction":260.0,"wind_speed_kt":4.0,"wind_speed_mph":4.6,"wind_gust_kt":null,"wind_gust_mph":null,"visibility_mi":null,"altimeter_inhg":30.07,"weather":null,"raw_metar":"METAR KLXN 210335Z AUTO 26004KT 10SM CLR 22/18 A3007 RMK AO2 T02170175","network":"METAR","source":"Aviation Weather Center"}},{"type":"Feature","geometry":{"type":"Point","coordinates":[-98.7453,37.7069]},"properties":{"station":"KPTT","observation_time":"2026-08-21T03:35:00Z","age_hours":0.37,"temp_c":29.0,"temp_f":84.2,"dewpoint_c":16.0,"dewpoint_f":60.8,"relative_humidity":45.4,"wind_direction":90.0,"wind_speed_kt":6.0,"wind_speed_mph":6.9,"wind_gust_kt":null,"wind_gust_mph":null,"visibility_mi":null,"altimeter_inhg":30.07,"weather":null,"raw_metar":"METAR KPTT 210335Z AUTO 09006KT 10SM CLR 29/16 A3007 RMK AO2 T02900160","network":"METAR","source":"Aviation Weather Center"}},{"type":"Feature","geometry":{"type":"Point","coordinates":[-104.5684,38.9439]},"properties":{"station":"KFLY","observation_time":"2026-08-21T03:35:00Z","age_hours":0.37,"temp_c":20.8,"temp_f":69.4,"dewpoint_c":8.6,"dewpoint_f":47.5,"relative_humidity":45.5,"wind_direction":300.0,"wind_speed_kt":4.0,"wind_speed_mph":4.6,"wind_gust_kt":null,"wind_gust_mph":null,"visibility_mi":null,"altimeter_inhg":30.42,"weather":null,"raw_metar":"METAR KFLY 210335Z AUTO 30004KT 10SM CLR 21/09 A3042 RMK AO2 T02080086","network":"METAR","source":"Aviation Weather Center"}},{"type":"Feature","geometry":{"type":"Point","coordinates":[-98.0546,41.7302]},"properties":{"station":"KBVN","observation_time":"2026-08-21T03:35:00Z","age_hours":0.37,"temp_c":21.2,"temp_f":70.2,"dewpoint_c":19.5,"dewpoint_f":67.1,"relative_humidity":90.0,"wind_direction":100.0,"wind_speed_kt":3.0,"wind_speed_mph":3.5,"wind_gust_kt":null,"wind_gust_mph":null,"visibility_mi":null,"altimeter_inhg":30.06,"weather":null,"raw_metar":"METAR KBVN 210335Z AUTO 10003KT 10SM CLR 21/20 A3006 RMK AO2 T02120195","network":"METAR","source":"Aviation Weather Center"}},{"type":"Feature","geometry":{"type":"Point","coordinates":[-96.5237,41.4489]},"properties":{"station":"KFET","observation_time":"2026-08-21T03:35:00Z","age_hours":0.37,"temp_c":24.0,"temp_f":75.2,"dewpoint_c":19.1,"dewpoint_f":66.4,"relative_humidity":74.1,"wind_direction":170.0,"wind_speed_kt":3.0,"wind_speed_mph":3.5,"wind_gust_kt":null,"wind_gust_mph":null,"visibility_mi":null,"altimeter_inhg":30.05,"weather":null,"raw_metar":"METAR KFET 210335Z AUTO 17003KT 10SM CLR 24/19 A3005 RMK AO2 T02400191","network":"METAR","source":"Aviation Weather Center"}},{"type":"Feature","geometry":{"type":"Point","coordinates":[-95.2622,41.0107]},"properties":{"station":"KRDK","observation_time":"2026-08-21T03:35:00Z","age_hours":0.37,"temp_c":20.0,"temp_f":68.0,"dewpoint_c":20.0,"dewpoint_f":68.0,"relative_humidity":100.0,"wind_direction":150.0,"wind_speed_kt":3.0,"wind_speed_mph":3.5,"wind_gust_kt":null,"wind_gust_mph":null,"visibility_mi":null,"altimeter_inhg":30.04,"weather":null,"raw_metar":"METAR KRDK 210335Z AUTO 15003KT 10SM CLR 20/20 A3004 RMK AO2","network":"METAR","source":"Aviation Weather Center"}},{"type":"Feature","geometry":{"type":"Point","coordinates":[-101.377,37.6037]},"properties":{"station":"KULS","observation_time":"2026-08-21T03:35:00Z","age_hours":0.37,"temp_c":27.0,"temp_f":80.6,"dewpoint_c":17.0,"dewpoint_f":62.6,"relative_humidity":54.3,"wind_direction":100.0,"wind_speed_kt":10.0,"wind_speed_mph":11.5,"wind_gust_kt":null,"wind_gust_mph":null,"visibility_mi":null,"altimeter_inhg":30.07,"weather":null,"raw_metar":"METAR KULS 210335Z AUTO 10010KT 10SM CLR 27/17 A3007 RMK AO2","network":"METAR","source":"Aviation Weather Center"}},{"type":"Feature","geometry":{"type":"Point","coordinates":[-96.8145,37.7753]},"properties":{"station":"KEQA","observation_time":"2026-08-21T03:35:00Z","age_hours":0.37,"temp_c":25.0,"temp_f":77.0,"dewpoint_c":18.0,"dewpoint_f":64.4,"relative_humidity":65.1,"wind_direction":80.0,"wind_speed_kt":8.0,"wind_speed_mph":9.2,"wind_gust_kt":null,"wind_gust_mph":null,"visibility_mi":null,"altimeter_inhg":30.05,"weather":null,"raw_metar":"METAR KEQA 210335Z AUTO 08008KT 10SM CLR 25/18 A3005 RMK AO2","network":"METAR","source":"Aviation Weather Center"}},{"type":"Feature","geometry":{"type":"Point","coordinates":[-99.3179,39.7343]},"properties":{"station":"KPHG","observation_time":"2026-08-21T03:35:00Z","age_hours":0.37,"temp_c":26.0,"temp_f":78.8,"dewpoint_c":20.0,"dewpoint_f":68.0,"relative_humidity":69.5,"wind_direction":130.0,"wind_speed_kt":7.0,"wind_speed_mph":8.1,"wind_gust_kt":null,"wind_gust_mph":null,"visibility_mi":null,"altimeter_inhg":30.08,"weather":null,"raw_metar":"METAR KPHG 210335Z AUTO 13007KT 10SM SCT110 26/20 A3008 RMK AO2 PRESFR","network":"METAR","source":"Aviation Weather Center"}},{"type":"Feature","geometry":{"type":"Point","coordinates":[-101.7927,39.7583]},"properties":{"station":"KSYF","observation_time":"2026-08-21T03:35:00Z","age_hours":0.37,"temp_c":25.0,"temp_f":77.0,"dewpoint_c":18.0,"dewpoint_f":64.4,"relative_humidity":65.1,"wind_direction":140.0,"wind_speed_kt":11.0,"wind_speed_mph":12.7,"wind_gust_kt":null,"wind_gust_mph":null,"visibility_mi":null,"altimeter_inhg":30.11,"weather":null,"raw_metar":"METAR KSYF 210335Z AUTO 14011KT 10SM CLR 25/18 A3011 RMK AO2","network":"METAR","source":"Aviation Weather Center"}},{"type":"Feature","geometry":{"type":"Point","coordinates":[-97.0792,37.6729]},"properties":{"station":"K3AU","observation_time":"2026-08-21T03:35:00Z","age_hours":0.37,"temp_c":26.0,"temp_f":78.8,"dewpoint_c":17.0,"dewpoint_f":62.6,"relative_humidity":57.6,"wind_direction":70.0,"wind_speed_kt":7.0,"wind_speed_mph":8.1,"wind_gust_kt":null,"wind_gust_mph":null,"visibility_mi":null,"altimeter_inhg":30.05,"weather":null,"raw_metar":"METAR K3AU 210335Z AUTO 07007KT 10SM CLR 26/17 A3005 RMK AO2","network":"METAR","source":"Aviation Weather Center"}},{"type":"Feature","geometry":{"type":"Point","coordinates":[-100.8822,38.4782]},"properties":{"station":"KTQK","observation_time":"2026-08-21T03:35:00Z","age_hours":0.37,"temp_c":24.5,"temp_f":76.1,"dewpoint_c":18.9,"dewpoint_f":66.0,"relative_humidity":71.0,"wind_direction":100.0,"wind_speed_kt":9.0,"wind_speed_mph":10.4,"wind_gust_kt":null,"wind_gust_mph":null,"visibility_mi":null,"altimeter_inhg":30.13,"weather":null,"raw_metar":"METAR KTQK 210335Z AUTO 10009KT 10SM CLR 24/19 A3013 RMK AO2 T02450189","network":"METAR","source":"Aviation Weather Center"}},{"type":"Feature","geometry":{"type":"Point","coordinates":[-96.6279,39.8544]},"properties":{"station":"KMYZ","observation_time":"2026-08-21T03:35:00Z","age_hours":0.37,"temp_c":22.0,"temp_f":71.6,"dewpoint_c":21.0,"dewpoint_f":69.8,"relative_humidity":94.1,"wind_direction":0.0,"wind_speed_kt":0.0,"wind_speed_mph":0.0,"wind_gust_kt":null,"wind_gust_mph":null,"visibility_mi":null,"altimeter_inhg":30.08,"weather":null,"raw_metar":"METAR KMYZ 210335Z AUTO 00000KT 10SM CLR 22/21 A3008 RMK AO2","network":"METAR","source":"Aviation Weather Center"}},{"type":"Feature","geometry":{"type":"Point","coordinates":[-96.6046,46.2444]},"properties":{"station":"KBWP","observation_time":"2026-08-21T03:35:00Z","age_hours":0.37,"temp_c":22.0,"temp_f":71.6,"dewpoint_c":13.0,"dewpoint_f":55.4,"relative_humidity":56.7,"wind_direction":360.0,"wind_speed_kt":9.0,"wind_speed_mph":10.4,"wind_gust_kt":null,"wind_gust_mph":null,"visibility_mi":null,"altimeter_inhg":29.93,"weather":null,"raw_metar":"METAR KBWP 210335Z AUTO 36009KT 10SM CLR 22/13 A2993 RMK AO2","network":"METAR","source":"Aviation Weather Center"}},{"type":"Feature","geometry":{"type":"Point","coordinates":[-96.1645,42.9895]},"properties":{"station":"KSXK","observation_time":"2026-08-21T03:35:00Z","age_hours":0.37,"temp_c":23.0,"temp_f":73.4,"dewpoint_c":21.0,"dewpoint_f":69.8,"relative_humidity":88.5,"wind_direction":190.0,"wind_speed_kt":7.0,"wind_speed_mph":8.1,"wind_gust_kt":null,"wind_gust_mph":null,"visibility_mi":null,"altimeter_inhg":30.0,"weather":null,"raw_metar":"METAR KSXK 210335Z AUTO 19007KT 10SM FEW043 FEW050 23/21 A3000 RMK AO2","network":"METAR","source":"Aviation Weather Center"}},{"type":"Feature","geometry":{"type":"Point","coordinates":[-98.2266,38.343]},"properties":{"station":"KLYO","observation_time":"2026-08-21T03:35:00Z","age_hours":0.37,"temp_c":27.7,"temp_f":81.9,"dewpoint_c":16.5,"dewpoint_f":61.7,"relative_humidity":50.5,"wind_direction":100.0,"wind_speed_kt":10.0,"wind_speed_mph":11.5,"wind_gust_kt":null,"wind_gust_mph":null,"visibility_mi":null,"altimeter_inhg":30.06,"weather":null,"raw_metar":"METAR KLYO 210335Z AUTO 10010KT 10SM CLR 28/16 A3006 RMK AO2 T02770165","network":"METAR","source":"Aviation Weather Center"}},{"type":"Feature","geometry":{"type":"Point","coordinates":[-95.4112,40.7533]},"properties":{"station":"KSDA","observation_time":"2026-08-21T03:35:00Z","age_hours":0.37,"temp_c":20.0,"temp_f":68.0,"dewpoint_c":20.0,"dewpoint_f":68.0,"relative_humidity":100.0,"wind_direction":0.0,"wind_speed_kt":0.0,"wind_speed_mph":0.0,"wind_gust_kt":null,"wind_gust_mph":null,"visibility_mi":null,"altimeter_inhg":30.03,"weather":null,"raw_metar":"METAR KSDA 210335Z AUTO 00000KT 10SM CLR 20/20 A3003 RMK AO2","network":"METAR","source":"Aviation Weather Center"}},{"type":"Feature","geometry":{"type":"Point","coordinates":[-98.295,43.064]},"properties":{"station":"KAGZ","observation_time":"2026-08-21T03:35:00Z","age_hours":0.37,"temp_c":21.0,"temp_f":69.8,"dewpoint_c":21.0,"dewpoint_f":69.8,"relative_humidity":100.0,"wind_direction":240.0,"wind_speed_kt":6.0,"wind_speed_mph":6.9,"wind_gust_kt":null,"wind_gust_mph":null,"visibility_mi":null,"altimeter_inhg":29.99,"weather":null,"raw_metar":"METAR KAGZ 210335Z AUTO 24006KT 10SM CLR 21/21 A2999 RMK AO2","network":"METAR","source":"Aviation Weather Center"}},{"type":"Feature","geometry":{"type":"Point","coordinates":[-95.38,41.9842]},"properties":{"station":"KDNS","observation_time":"2026-08-21T03:35:00Z","age_hours":0.37,"temp_c":21.0,"temp_f":69.8,"dewpoint_c":20.0,"dewpoint_f":68.0,"relative_humidity":94.0,"wind_direction":0.0,"wind_speed_kt":0.0,"wind_speed_mph":0.0,"wind_gust_kt":null,"wind_gust_mph":null,"visibility_mi":null,"altimeter_inhg":30.02,"weather":null,"raw_metar":"METAR KDNS 210335Z AUTO 00000KT 10SM CLR 21/20 A3002 RMK AO2","network":"METAR","source":"Aviation Weather Center"}},{"type":"Feature","geometry":{"type":"Point","coordinates":[-100.819,39.1139]},"properties":{"station":"KOEL","observation_time":"2026-08-21T03:35:00Z","age_hours":0.37,"temp_c":25.8,"temp_f":78.4,"dewpoint_c":18.5,"dewpoint_f":65.3,"relative_humidity":64.1,"wind_direction":130.0,"wind_speed_kt":12.0,"wind_speed_mph":13.8,"wind_gust_kt":16.0,"wind_gust_mph":18.4,"visibility_mi":null,"altimeter_inhg":30.11,"weather":null,"raw_metar":"METAR KOEL 210335Z AUTO 13012G16KT 10SM CLR 26/19 A3011 RMK AO1 T02580185","network":"METAR","source":"Aviation Weather Center"}},{"type":"Feature","geometry":{"type":"Point","coordinates":[-95.5538,42.7304]},"properties":{"station":"KCKP","observation_time":"2026-08-21T03:35:00Z","age_hours":0.37,"temp_c":23.0,"temp_f":73.4,"dewpoint_c":20.0,"dewpoint_f":68.0,"relative_humidity":83.2,"wind_direction":230.0,"wind_speed_kt":5.0,"wind_speed_mph":5.8,"wind_gust_kt":null,"wind_gust_mph":null,"visibility_mi":null,"altimeter_inhg":30.01,"weather":null,"raw_metar":"METAR KCKP 210335Z AUTO 23005KT 10SM CLR 23/20 A3001 RMK AO2","network":"METAR","source":"Aviation Weather Center"}},{"type":"Feature","geometry":{"type":"Point","coordinates":[-100.5377,39.8298]},"properties":{"station":"KOIN","observation_time":"2026-08-21T03:35:00Z","age_hours":0.37,"temp_c":28.0,"temp_f":82.4,"dewpoint_c":21.0,"dewpoint_f":69.8,"relative_humidity":65.8,"wind_direction":30.0,"wind_speed_kt":21.0,"wind_speed_mph":24.2,"wind_gust_kt":30.0,"wind_gust_mph":34.5,"visibility_mi":null,"altimeter_inhg":30.1,"weather":"VCTS","raw_metar":"METAR KOIN 210335Z AUTO 03021G30KT 10SM VCTS FEW043 OVC090 28/21 A3010 RMK AO2 PK WND 02030/33 LTG DSNT ALQDS PRESRR","network":"METAR","source":"Aviation Weather Center"}},{"type":"Feature","geometry":{"type":"Point","coordinates":[-101.7679,41.1164]},"properties":{"station":"KOGA","observation_time":"2026-08-21T03:35:00Z","age_hours":0.37,"temp_c":21.8,"temp_f":71.2,"dewpoint_c":16.1,"dewpoint_f":61.0,"relative_humidity":70.1,"wind_direction":100.0,"wind_speed_kt":6.0,"wind_speed_mph":6.9,"wind_gust_kt":null,"wind_gust_mph":null,"visibility_mi":null,"altimeter_inhg":30.12,"weather":null,"raw_metar":"METAR KOGA 210335Z AUTO 10006KT 10SM CLR 22/16 A3012 RMK AO2 T02180161","network":"METAR","source":"Aviation Weather Center"}},{"type":"Feature","geometry":{"type":"Point","coordinates":[-103.6708,41.1894]},"properties":{"station":"KIBM","observation_time":"2026-08-21T03:35:00Z","age_hours":0.37,"temp_c":20.6,"temp_f":69.1,"dewpoint_c":13.5,"dewpoint_f":56.3,"relative_humidity":63.8,"wind_direction":180.0,"wind_speed_kt":6.0,"wind_speed_mph":6.9,"wind_gust_kt":null,"wind_gust_mph":null,"visibility_mi":null,"altimeter_inhg":30.23,"weather":null,"raw_metar":"METAR KIBM 210335Z AUTO 18006KT 10SM CLR 21/14 A3023 RMK AO2 T02060135","network":"METAR","source":"Aviation Weather Center"}},{"type":"Feature","geometry":{"type":"Point","coordinates":[-101.3714,37.1647]},"properties":{"station":"KHQG","observation_time":"2026-08-21T03:35:00Z","age_hours":0.37,"temp_c":28.0,"temp_f":82.4,"dewpoint_c":17.0,"dewpoint_f":62.6,"relative_humidity":51.2,"wind_direction":70.0,"wind_speed_kt":13.0,"wind_speed_mph":15.0,"wind_gust_kt":null,"wind_gust_mph":null,"visibility_mi":null,"altimeter_inhg":30.06,"weather":null,"raw_metar":"METAR KHQG 210335Z AUTO 07013KT 10SM CLR 28/17 A3006 RMK AO2","network":"METAR","source":"Aviation Weather Center"}},{"type":"Feature","geometry":{"type":"Point","coordinates":[-97.5872,40.1493]},"properties":{"station":"KHJH","observation_time":"2026-08-21T03:35:00Z","age_hours":0.37,"temp_c":22.5,"temp_f":72.5,"dewpoint_c":20.3,"dewpoint_f":68.5,"relative_humidity":87.4,"wind_direction":50.0,"wind_speed_kt":8.0,"wind_speed_mph":9.2,"wind_gust_kt":null,"wind_gust_mph":null,"visibility_mi":null,"altimeter_inhg":30.08,"weather":null,"raw_metar":"METAR KHJH 210335Z AUTO 05008KT 10SM CLR 23/20 A3008 RMK AO2 T02250203","network":"METAR","source":"Aviation Weather Center"}},{"type":"Feature","geometry":{"type":"Point","coordinates":[-102.2768,40.5716]},"properties":{"station":"KHEQ","observation_time":"2026-08-21T03:35:00Z","age_hours":0.37,"temp_c":22.2,"temp_f":72.0,"dewpoint_c":17.4,"dewpoint_f":63.3,"relative_humidity":74.3,"wind_direction":110.0,"wind_speed_kt":4.0,"wind_speed_mph":4.6,"wind_gust_kt":null,"wind_gust_mph":null,"visibility_mi":null,"altimeter_inhg":30.12,"weather":null,"raw_metar":"METAR KHEQ 210335Z AUTO 11004KT 10SM CLR 22/17 A3012 RMK AO2 T02220174 $","network":"METAR","source":"Aviation Weather Center"}},{"type":"Feature","geometry":{"type":"Point","coordinates":[-99.3363,40.4496]},"properties":{"station":"KHDE","observation_time":"2026-08-21T03:35:00Z","age_hours":0.37,"temp_c":24.1,"temp_f":75.4,"dewpoint_c":19.2,"dewpoint_f":66.6,"relative_humidity":74.1,"wind_direction":250.0,"wind_speed_kt":6.0,"wind_speed_mph":6.9,"wind_gust_kt":null,"wind_gust_mph":null,"visibility_mi":null,"altimeter_inhg":30.05,"weather":null,"raw_metar":"METAR KHDE 210335Z AUTO 25006KT 10SM CLR 24/19 A3005 RMK AO2 T02410192","network":"METAR","source":"Aviation Weather Center"}},{"type":"Feature","geometry":{"type":"Point","coordinates":[-105.9113,40.0904]},"properties":{"station":"KGNB","observation_time":"2026-08-21T03:35:00Z","age_hours":0.37,"temp_c":21.1,"temp_f":70.0,"dewpoint_c":4.8,"dewpoint_f":40.6,"relative_humidity":34.4,"wind_direction":110.0,"wind_speed_kt":5.0,"wind_speed_mph":5.8,"wind_gust_kt":null,"wind_gust_mph":null,"visibility_mi":null,"altimeter_inhg":30.5,"weather":null,"raw_metar":"METAR KGNB 210335Z AUTO 11005KT 10SM CLR 21/05 A3050 RMK AO2 T02110048","network":"METAR","source":"Aviation Weather Center"}},{"type":"Feature","geometry":{"type":"Point","coordinates":[-101.734,40.871]},"properties":{"station":"KGGF","observation_time":"2026-08-21T03:35:00Z","age_hours":0.37,"temp_c":23.0,"temp_f":73.4,"dewpoint_c":18.0,"dewpoint_f":64.4,"relative_humidity":73.5,"wind_direction":110.0,"wind_speed_kt":12.0,"wind_speed_mph":13.8,"wind_gust_kt":19.0,"wind_gust_mph":21.9,"visibility_mi":null,"altimeter_inhg":30.12,"weather":null,"raw_metar":"METAR KGGF 210335Z AUTO 11012G19KT 10SM CLR 23/18 A3012 RMK AO2","network":"METAR","source":"Aviation Weather Center"}},{"type":"Feature","geometry":{"type":"Point","coordinates":[-103.807,40.3315]},"properties":{"station":"KFMM","observation_time":"2026-08-21T03:35:00Z","age_hours":0.37,"temp_c":25.0,"temp_f":77.0,"dewpoint_c":15.0,"dewpoint_f":59.0,"relative_humidity":53.8,"wind_direction":130.0,"wind_speed_kt":4.0,"wind_speed_mph":4.6,"wind_gust_kt":null,"wind_gust_mph":null,"visibility_mi":null,"altimeter_inhg":30.19,"weather":null,"raw_metar":"METAR KFMM 210335Z AUTO 13004KT 10SM CLR 25/15 A3019 RMK AO2","network":"METAR","source":"Aviation Weather Center"}},{"type":"Feature","geometry":{"type":"Point","coordinates":[-100.101,44.7008]},"properties":{"station":"K98D","observation_time":"2026-08-21T03:35:00Z","age_hours":0.37,"temp_c":22.0,"temp_f":71.6,"dewpoint_c":16.0,"dewpoint_f":60.8,"relative_humidity":68.8,"wind_direction":110.0,"wind_speed_kt":2.0,"wind_speed_mph":2.3,"wind_gust_kt":null,"wind_gust_mph":null,"visibility_mi":null,"altimeter_inhg":30.02,"weather":null,"raw_metar":"METAR K98D 210335Z AUTO 11002KT 10SM CLR 22/16 A3002 RMK AO2","network":"METAR","source":"Aviation Weather Center"}},{"type":"Feature","geometry":{"type":"Point","coordinates":[-98.078,37.154]},"properties":{"station":"KANY","observation_time":"2026-08-21T03:35:00Z","age_hours":0.37,"temp_c":30.0,"temp_f":86.0,"dewpoint_c":17.0,"dewpoint_f":62.6,"relative_humidity":45.6,"wind_direction":80.0,"wind_speed_kt":10.0,"wind_speed_mph":11.5,"wind_gust_kt":null,"wind_gust_mph":null,"visibility_mi":null,"altimeter_inhg":30.0,"weather":null,"raw_metar":"METAR KANY 210335Z AUTO 08010KT 10SM FEW060 30/17 A3000 RMK AO2","network":"METAR","source":"Aviation Weather Center"}},{"type":"Feature","geometry":{"type":"Point","coordinates":[-105.3731,38.0138]},"properties":{"station":"KC08","observation_time":"2026-08-21T03:35:00Z","age_hours":0.37,"temp_c":16.0,"temp_f":60.8,"dewpoint_c":9.0,"dewpoint_f":48.2,"relative_humidity":63.2,"wind_direction":80.0,"wind_speed_kt":11.0,"wind_speed_mph":12.7,"wind_gust_kt":null,"wind_gust_mph":null,"visibility_mi":null,"altimeter_inhg":30.55,"weather":null,"raw_metar":"METAR KC08 210335Z AUTO 08011KT 10SM FEW044 FEW120 16/09 A3055 RMK AO2","network":"METAR","source":"Aviation Weather Center"}},{"type":"Feature","geometry":{"type":"Point","coordinates":[-101.0512,39.4301]},"properties":{"station":"KCBK","observation_time":"2026-08-21T03:35:00Z","age_hours":0.37,"temp_c":26.6,"temp_f":79.9,"dewpoint_c":19.4,"dewpoint_f":66.9,"relative_humidity":64.7,"wind_direction":120.0,"wind_speed_kt":14.0,"wind_speed_mph":16.1,"wind_gust_kt":17.0,"wind_gust_mph":19.6,"visibility_mi":null,"altimeter_inhg":30.13,"weather":null,"raw_metar":"METAR KCBK 210335Z AUTO 12014G17KT 10SM SCT100 SCT120 27/19 A3013 RMK AO2 T02660194","network":"METAR","source":"Aviation Weather Center"}},{"type":"Feature","geometry":{"type":"Point","coordinates":[-96.983,42.2423]},"properties":{"station":"KLCG","observation_time":"2026-08-21T03:35:00Z","age_hours":0.37,"temp_c":21.6,"temp_f":70.9,"dewpoint_c":20.5,"dewpoint_f":68.9,"relative_humidity":93.5,"wind_direction":210.0,"wind_speed_kt":4.0,"wind_speed_mph":4.6,"wind_gust_kt":null,"wind_gust_mph":null,"visibility_mi":null,"altimeter_inhg":30.02,"weather":null,"raw_metar":"METAR KLCG 210335Z AUTO 21004KT 10SM CLR 22/21 A3002 RMK AO2 T02160205","network":"METAR","source":"Aviation Weather Center"}},{"type":"Feature","geometry":{"type":"Point","coordinates":[-96.109,41.415]},"properties":{"station":"KBTA","observation_time":"2026-08-21T03:35:00Z","age_hours":0.37,"temp_c":22.0,"temp_f":71.6,"dewpoint_c":19.8,"dewpoint_f":67.6,"relative_humidity":87.3,"wind_direction":200.0,"wind_speed_kt":7.0,"wind_speed_mph":8.1,"wind_gust_kt":null,"wind_gust_mph":null,"visibility_mi":null,"altimeter_inhg":30.03,"weather":null,"raw_metar":"METAR KBTA 210335Z AUTO 20007KT 10SM CLR 22/20 A3003 RMK AO2 T02200198","network":"METAR","source":"Aviation Weather Center"}},{"type":"Feature","geometry":{"type":"Point","coordinates":[-95.2542,38.5409]},"properties":{"station":"KOWI","observation_time":"2026-08-21T03:35:00Z","age_hours":0.37,"temp_c":23.0,"temp_f":73.4,"dewpoint_c":20.0,"dewpoint_f":68.0,"relative_humidity":83.2,"wind_direction":100.0,"wind_speed_kt":5.0,"wind_speed_mph":5.8,"wind_gust_kt":null,"wind_gust_mph":null,"visibility_mi":null,"altimeter_inhg":30.04,"weather":null,"raw_metar":"METAR KOWI 210335Z AUTO 10005KT 10SM CLR 23/20 A3004 RMK A01","network":"METAR","source":"Aviation Weather Center"}},{"type":"Feature","geometry":{"type":"Point","coordinates":[-95.8354,43.2082]},"properties":{"station":"KSHL","observation_time":"2026-08-21T03:35:00Z","age_hours":0.37,"temp_c":21.0,"temp_f":69.8,"dewpoint_c":21.0,"dewpoint_f":69.8,"relative_humidity":100.0,"wind_direction":180.0,"wind_speed_kt":6.0,"wind_speed_mph":6.9,"wind_gust_kt":null,"wind_gust_mph":null,"visibility_mi":null,"altimeter_inhg":29.97,"weather":null,"raw_metar":"METAR KSHL 210335Z AUTO 18006KT 10SM CLR 21/21 A2997 RMK AO2","network":"METAR","source":"Aviation Weather Center"}},{"type":"Feature","geometry":{"type":"Point","coordinates":[-101.7305,37.5782]},"properties":{"station":"KJHN","observation_time":"2026-08-21T03:35:00Z","age_hours":0.37,"temp_c":25.0,"temp_f":77.0,"dewpoint_c":17.0,"dewpoint_f":62.6,"relative_humidity":61.2,"wind_direction":90.0,"wind_speed_kt":7.0,"wind_speed_mph":8.1,"wind_gust_kt":null,"wind_gust_mph":null,"visibility_mi":null,"altimeter_inhg":30.09,"weather":null,"raw_metar":"METAR KJHN 210335Z AUTO 09007KT 10SM CLR 25/17 A3009 RMK AO2","network":"METAR","source":"Aviation Weather Center"}},{"type":"Feature","geometry":{"type":"Point","coordinates":[-95.1073,43.91]},"properties":{"station":"KMWM","observation_time":"2026-08-21T03:35:00Z","age_hours":0.37,"temp_c":24.0,"temp_f":75.2,"dewpoint_c":19.0,"dewpoint_f":66.2,"relative_humidity":73.6,"wind_direction":200.0,"wind_speed_kt":6.0,"wind_speed_mph":6.9,"wind_gust_kt":null,"wind_gust_mph":null,"visibility_mi":null,"altimeter_inhg":29.98,"weather":null,"raw_metar":"METAR KMWM 210335Z AUTO 20006KT 10SM CLR 24/19 A2998 RMK AO2 LTG DSNT N","network":"METAR","source":"Aviation Weather Center"}},{"type":"Feature","geometry":{"type":"Point","coordinates":[-103.2611,40.6133]},"properties":{"station":"KSTK","observation_time":"2026-08-21T03:35:00Z","age_hours":0.37,"temp_c":21.0,"temp_f":69.8,"dewpoint_c":16.0,"dewpoint_f":60.8,"relative_humidity":73.1,"wind_direction":190.0,"wind_speed_kt":7.0,"wind_speed_mph":8.1,"wind_gust_kt":null,"wind_gust_mph":null,"visibility_mi":null,"altimeter_inhg":30.15,"weather":null,"raw_metar":"METAR KSTK 210335Z AUTO 19007KT 10SM CLR 21/16 A3015 RMK AO2","network":"METAR","source":"Aviation Weather Center"}},{"type":"Feature","geometry":{"type":"Point","coordinates":[-97.3901,37.3251]},"properties":{"station":"KEGT","observation_time":"2026-08-21T03:35:00Z","age_hours":0.37,"temp_c":28.1,"temp_f":82.6,"dewpoint_c":17.4,"dewpoint_f":63.3,"relative_humidity":52.3,"wind_direction":80.0,"wind_speed_kt":11.0,"wind_speed_mph":12.7,"wind_gust_kt":null,"wind_gust_mph":null,"visibility_mi":null,"altimeter_inhg":30.03,"weather":null,"raw_metar":"METAR KEGT 210335Z AUTO 08011KT 10SM 28/17 A3003 RMK AO2 T02810174","network":"METAR","source":"Aviation Weather Center"}},{"type":"Feature","geometry":{"type":"Point","coordinates":[-105.5534,39.869]},"properties":{"station":"KC99","observation_time":"2026-08-21T03:35:00Z","age_hours":0.37,"temp_c":12.0,"temp_f":53.6,"dewpoint_c":3.0,"dewpoint_f":37.4,"relative_humidity":54.1,"wind_direction":190.0,"wind_speed_kt":4.0,"wind_speed_mph":4.6,"wind_gust_kt":null,"wind_gust_mph":null,"visibility_mi":null,"altimeter_inhg":30.73,"weather":null,"raw_metar":"METAR KC99 210335Z AUTO 19004KT 10SM CLR 12/03 A3073 RMK AO2","network":"METAR","source":"Aviation Weather Center"}},{"type":"Feature","geometry":{"type":"Point","coordinates":[-95.3187,45.6456]},"properties":{"station":"KGHW","observation_time":"2026-08-21T03:35:00Z","age_hours":0.37,"temp_c":19.3,"temp_f":66.7,"dewpoint_c":19.3,"dewpoint_f":66.7,"relative_humidity":100.0,"wind_direction":180.0,"wind_speed_kt":3.0,"wind_speed_mph":3.5,"wind_gust_kt":null,"wind_gust_mph":null,"visibility_mi":null,"altimeter_inhg":29.95,"weather":null,"raw_metar":"METAR KGHW 210335Z AUTO 18003KT 10SM SCT080 19/19 A2995 RMK AO2 T01930193","network":"METAR","source":"Aviation Weather Center"}},{"type":"Feature","geometry":{"type":"Point","coordinates":[-95.8635,40.6065]},"properties":{"station":"KAFK","observation_time":"2026-08-21T03:35:00Z","age_hours":0.37,"temp_c":21.3,"temp_f":70.3,"dewpoint_c":20.0,"dewpoint_f":68.0,"relative_humidity":92.3,"wind_direction":190.0,"wind_speed_kt":4.0,"wind_speed_mph":4.6,"wind_gust_kt":null,"wind_gust_mph":null,"visibility_mi":null,"altimeter_inhg":30.06,"weather":null,"raw_metar":"METAR KAFK 210335Z AUTO 19004KT 10SM CLR 21/20 A3006 RMK AO2 T02130200","network":"METAR","source":"Aviation Weather Center"}},{"type":"Feature","geometry":{"type":"Point","coordinates":[-101.7502,37.9988]},"properties":{"station":"K3K3","observation_time":"2026-08-21T03:35:00Z","age_hours":0.37,"temp_c":24.0,"temp_f":75.2,"dewpoint_c":17.0,"dewpoint_f":62.6,"relative_humidity":64.9,"wind_direction":90.0,"wind_speed_kt":7.0,"wind_speed_mph":8.1,"wind_gust_kt":null,"wind_gust_mph":null,"visibility_mi":null,"altimeter_inhg":30.09,"weather":null,"raw_metar":"METAR K3K3 210335Z AUTO 09007KT 10SM CLR 24/17 A3009 RMK AO2","network":"METAR","source":"Aviation Weather Center"}},{"type":"Feature","geometry":{"type":"Point","coordinates":[-101.2554,37.9707]},"properties":{"station":"K36K","observation_time":"2026-08-21T03:35:00Z","age_hours":0.37,"temp_c":24.0,"temp_f":75.2,"dewpoint_c":18.0,"dewpoint_f":64.4,"relative_humidity":69.2,"wind_direction":70.0,"wind_speed_kt":4.0,"wind_speed_mph":4.6,"wind_gust_kt":null,"wind_gust_mph":null,"visibility_mi":null,"altimeter_inhg":30.13,"weather":null,"raw_metar":"METAR K36K 210335Z AUTO 07004KT 10SM FEW042 24/18 A3013 RMK AO2","network":"METAR","source":"Aviation Weather Center"}},{"type":"Feature","geometry":{"type":"Point","coordinates":[-105.0503,40.0117]},"properties":{"station":"KEIK","observation_time":"2026-08-21T03:35:00Z","age_hours":0.37,"temp_c":27.6,"temp_f":81.7,"dewpoint_c":7.5,"dewpoint_f":45.5,"relative_humidity":28.1,"wind_direction":130.0,"wind_speed_kt":8.0,"wind_speed_mph":9.2,"wind_gust_kt":null,"wind_gust_mph":null,"visibility_mi":null,"altimeter_inhg":30.21,"weather":null,"raw_metar":"METAR KEIK 210335Z AUTO 13008KT 10SM CLR 28/07 A3021 RMK AO2 T02760075","network":"METAR","source":"Aviation Weather Center"}},{"type":"Feature","geometry":{"type":"Point","coordinates":[-97.215,37.694]},"properties":{"station":"KBEC","observation_time":"2026-08-21T03:35:00Z","age_hours":0.37,"temp_c":27.0,"temp_f":80.6,"dewpoint_c":17.6,"dewpoint_f":63.7,"relative_humidity":56.4,"wind_direction":70.0,"wind_speed_kt":9.0,"wind_speed_mph":10.4,"wind_gust_kt":null,"wind_gust_mph":null,"visibility_mi":null,"altimeter_inhg":30.04,"weather":null,"raw_metar":"METAR KBEC 210335Z AUTO 07009KT 10SM SCT120 27/18 A3004 RMK AO2 T02700176","network":"METAR","source":"Aviation Weather Center"}},{"type":"Feature","geometry":{"type":"Point","coordinates":[-99.9984,42.5748]},"properties":{"station":"KANW","observation_time":"2026-08-21T03:35:00Z","age_hours":0.37,"temp_c":19.7,"temp_f":67.5,"dewpoint_c":16.9,"dewpoint_f":62.4,"relative_humidity":83.9,"wind_direction":0.0,"wind_speed_kt":0.0,"wind_speed_mph":0.0,"wind_gust_kt":null,"wind_gust_mph":null,"visibility_mi":null,"altimeter_inhg":30.08,"weather":null,"raw_metar":"METAR KANW 210335Z AUTO 00000KT 10SM CLR 20/17 A3008 RMK AO2 T01970169","network":"METAR","source":"Aviation Weather Center"}},{"type":"Feature","geometry":{"type":"Point","coordinates":[-95.0465,41.4059]},"properties":{"station":"KAIO","observation_time":"2026-08-21T03:35:00Z","age_hours":0.37,"temp_c":21.0,"temp_f":69.8,"dewpoint_c":21.0,"dewpoint_f":69.8,"relative_humidity":100.0,"wind_direction":0.0,"wind_speed_kt":0.0,"wind_speed_mph":0.0,"wind_gust_kt":null,"wind_gust_mph":null,"visibility_mi":null,"altimeter_inhg":30.02,"weather":null,"raw_metar":"METAR KAIO 210335Z AUTO 00000KT 10SM SCT043 21/21 A3002 RMK AO2","network":"METAR","source":"Aviation Weather Center"}},{"type":"Feature","geometry":{"type":"Point","coordinates":[-95.7747,39.9053]},"properties":{"station":"KK83","observation_time":"2026-08-21T03:35:00Z","age_hours":0.37,"temp_c":22.1,"temp_f":71.8,"dewpoint_c":20.2,"dewpoint_f":68.4,"relative_humidity":89.0,"wind_direction":170.0,"wind_speed_kt":4.0,"wind_speed_mph":4.6,"wind_gust_kt":null,"wind_gust_mph":null,"visibility_mi":null,"altimeter_inhg":30.1,"weather":null,"raw_metar":"METAR KK83 210335Z AUTO 17004KT 10SM CLR 22/20 A3010 RMK AO2 T02210202","network":"METAR","source":"Aviation Weather Center"}},{"type":"Feature","geometry":{"type":"Point","coordinates":[-99.0868,38.2084]},"properties":{"station":"KLQR","observation_time":"2026-08-21T03:35:00Z","age_hours":0.37,"temp_c":27.0,"temp_f":80.6,"dewpoint_c":17.0,"dewpoint_f":62.6,"relative_humidity":54.3,"wind_direction":80.0,"wind_speed_kt":7.0,"wind_speed_mph":8.1,"wind_gust_kt":null,"wind_gust_mph":null,"visibility_mi":null,"altimeter_inhg":30.07,"weather":null,"raw_metar":"METAR KLQR 210335Z AUTO 08007KT 10SM CLR 27/17 A3007 RMK AO2 PRESRR","network":"METAR","source":"Aviation Weather Center"}},{"type":"Feature","geometry":{"type":"Point","coordinates":[-105.1605,40.1612]},"properties":{"station":"KLMO","observation_time":"2026-08-21T03:35:00Z","age_hours":0.37,"temp_c":22.0,"temp_f":71.6,"dewpoint_c":10.6,"dewpoint_f":51.1,"relative_humidity":48.4,"wind_direction":280.0,"wind_speed_kt":3.0,"wind_speed_mph":3.5,"wind_gust_kt":null,"wind_gust_mph":null,"visibility_mi":null,"altimeter_inhg":30.24,"weather":null,"raw_metar":"METAR KLMO 210335Z AUTO 28003KT 10SM CLR 22/11 A3024 RMK AO2 T02200106","network":"METAR","source":"Aviation Weather Center"}},{"type":"Feature","geometry":{"type":"Point","coordinates":[-97.5598,44.4324]},"properties":{"station":"K6E5","observation_time":"2026-08-21T03:35:00Z","age_hours":0.37,"temp_c":20.0,"temp_f":68.0,"dewpoint_c":20.0,"dewpoint_f":68.0,"relative_humidity":100.0,"wind_direction":0.0,"wind_speed_kt":0.0,"wind_speed_mph":0.0,"wind_gust_kt":null,"wind_gust_mph":null,"visibility_mi":6.0,"altimeter_inhg":30.0,"weather":"BR","raw_metar":"METAR K6E5 210335Z AUTO 00000KT 6SM BR CLR 20/20 A3000 RMK AO2","network":"METAR","source":"Aviation Weather Center"}},{"type":"Feature","geometry":{"type":"Point","coordinates":[-105.1042,39.9008]},"properties":{"station":"KBJC","observation_time":"2026-08-21T03:35:00Z","age_hours":0.37,"temp_c":27.0,"temp_f":80.6,"dewpoint_c":6.0,"dewpoint_f":42.8,"relative_humidity":26.2,"wind_direction":140.0,"wind_speed_kt":6.0,"wind_speed_mph":6.9,"wind_gust_kt":null,"wind_gust_mph":null,"visibility_mi":null,"altimeter_inhg":30.27,"weather":null,"raw_metar":"METAR KBJC 210335Z AUTO 14006KT 10SM CLR 27/06 A3027 RMK AO2","network":"METAR","source":"Aviation Weather Center"}},{"type":"Feature","geometry":{"type":"Point","coordinates":[-105.2274,40.0377]},"properties":{"station":"KBDU","observation_time":"2026-08-21T03:35:00Z","age_hours":0.37,"temp_c":26.0,"temp_f":78.8,"dewpoint_c":8.0,"dewpoint_f":46.4,"relative_humidity":31.9,"wind_direction":0.0,"wind_speed_kt":0.0,"wind_speed_mph":0.0,"wind_gust_kt":null,"wind_gust_mph":null,"visibility_mi":null,"altimeter_inhg":30.24,"weather":null,"raw_metar":"METAR KBDU 210335Z AUTO 00000KT 10SM CLR 26/08 A3024 RMK AO2","network":"METAR","source":"Aviation Weather Center"}},{"type":"Feature","geometry":{"type":"Point","coordinates":[-96.7517,40.3005]},"properties":{"station":"KBIE","observation_time":"2026-08-21T03:35:00Z","age_hours":0.37,"temp_c":23.2,"temp_f":73.8,"dewpoint_c":19.6,"dewpoint_f":67.3,"relative_humidity":80.2,"wind_direction":90.0,"wind_speed_kt":4.0,"wind_speed_mph":4.6,"wind_gust_kt":null,"wind_gust_mph":null,"visibility_mi":null,"altimeter_inhg":30.07,"weather":null,"raw_metar":"METAR KBIE 210335Z AUTO 09004KT 10SM CLR 23/20 A3007 RMK AO2 T02320196","network":"METAR","source":"Aviation Weather Center"}},{"type":"Feature","geometry":{"type":"Point","coordinates":[-105.598,36.8003]},"properties":{"station":"KN24","observation_time":"2026-08-21T03:35:00Z","age_hours":0.37,"temp_c":20.2,"temp_f":68.4,"dewpoint_c":4.4,"dewpoint_f":39.9,"relative_humidity":35.4,"wind_direction":20.0,"wind_speed_kt":8.0,"wind_speed_mph":9.2,"wind_gust_kt":null,"wind_gust_mph":null,"visibility_mi":null,"altimeter_inhg":30.5,"weather":null,"raw_metar":"METAR KN24 210335Z AUTO 02008KT 10SM CLR 20/04 A3050 RMK AO2 T02020044","network":"METAR","source":"Aviation Weather Center"}},{"type":"Feature","geometry":{"type":"Point","coordinates":[-96.93,42.765]},"properties":{"station":"KVMR","observation_time":"2026-08-21T03:35:00Z","age_hours":0.37,"temp_c":23.0,"temp_f":73.4,"dewpoint_c":23.0,"dewpoint_f":73.4,"relative_humidity":100.0,"wind_direction":260.0,"wind_speed_kt":4.0,"wind_speed_mph":4.6,"wind_gust_kt":null,"wind_gust_mph":null,"visibility_mi":null,"altimeter_inhg":29.99,"weather":null,"raw_metar":"METAR KVMR 210335Z AUTO 26004KT 10SM CLR 23/23 A2999 RMK AO2","network":"METAR","source":"Aviation Weather Center"}},{"type":"Feature","geometry":{"type":"Point","coordinates":[-103.3799,44.4284]},"properties":{"station":"K49B","observation_time":"2026-08-21T03:35:00Z","age_hours":0.37,"temp_c":25.0,"temp_f":77.0,"dewpoint_c":8.0,"dewpoint_f":46.4,"relative_humidity":33.9,"wind_direction":160.0,"wind_speed_kt":6.0,"wind_speed_mph":6.9,"wind_gust_kt":null,"wind_gust_mph":null,"visibility_mi":null,"altimeter_inhg":30.1,"weather":null,"raw_metar":"METAR K49B 210335Z AUTO 16006KT 10SM CLR 25/08 A3010 RMK AO2","network":"METAR","source":"Aviation Weather Center"}},{"type":"Feature","geometry":{"type":"Point","coordinates":[-98.2316,38.7502]},"properties":{"station":"K9K7","observation_time":"2026-08-21T03:35:00Z","age_hours":0.37,"temp_c":25.0,"temp_f":77.0,"dewpoint_c":21.0,"dewpoint_f":69.8,"relative_humidity":78.5,"wind_direction":90.0,"wind_speed_kt":7.0,"wind_speed_mph":8.1,"wind_gust_kt":null,"wind_gust_mph":null,"visibility_mi":null,"altimeter_inhg":30.09,"weather":null,"raw_metar":"METAR K9K7 210335Z AUTO 09007KT 10SM CLR 25/21 A3009 RMK AO2","network":"METAR","source":"Aviation Weather Center"}},{"type":"Feature","geometry":{"type":"Point","coordinates":[-98.041,42.1109]},"properties":{"station":"K4V9","observation_time":"2026-08-21T03:35:00Z","age_hours":0.37,"temp_c":22.0,"temp_f":71.6,"dewpoint_c":21.0,"dewpoint_f":69.8,"relative_humidity":94.1,"wind_direction":180.0,"wind_speed_kt":4.0,"wind_speed_mph":4.6,"wind_gust_kt":null,"wind_gust_mph":null,"visibility_mi":null,"altimeter_inhg":30.03,"weather":null,"raw_metar":"METAR K4V9 210335Z AUTO 18004KT 10SM CLR 22/21 A3003 RMK AO2","network":"METAR","source":"Aviation Weather Center"}},{"type":"Feature","geometry":{"type":"Point","coordinates":[-104.7881,37.6941]},"properties":{"station":"K4V1","observation_time":"2026-08-21T03:35:00Z","age_hours":0.37,"temp_c":22.0,"temp_f":71.6,"dewpoint_c":9.0,"dewpoint_f":48.2,"relative_humidity":43.4,"wind_direction":260.0,"wind_speed_kt":9.0,"wind_speed_mph":10.4,"wind_gust_kt":14.0,"wind_gust_mph":16.1,"visibility_mi":null,"altimeter_inhg":30.35,"weather":null,"raw_metar":"METAR K4V1 210335Z AUTO 26009G14KT 10SM CLR 22/09 A3035 RMK AO2","network":"METAR","source":"Aviation Weather Center"}},{"type":"Feature","geometry":{"type":"Point","coordinates":[-101.3527,38.4566]},"properties":{"station":"K3K7","observation_time":"2026-08-21T03:35:00Z","age_hours":0.37,"temp_c":24.0,"temp_f":75.2,"dewpoint_c":18.0,"dewpoint_f":64.4,"relative_humidity":69.2,"wind_direction":120.0,"wind_speed_kt":9.0,"wind_speed_mph":10.4,"wind_gust_kt":null,"wind_gust_mph":null,"visibility_mi":null,"altimeter_inhg":30.12,"weather":null,"raw_metar":"METAR K3K7 210335Z AUTO 12009KT 10SM CLR 24/18 A3012 RMK AO2","network":"METAR","source":"Aviation Weather Center"}},{"type":"Feature","geometry":{"type":"Point","coordinates":[-95.6469,45.331]},"properties":{"station":"KBBB","observation_time":"2026-08-21T03:35:00Z","age_hours":0.37,"temp_c":20.0,"temp_f":68.0,"dewpoint_c":20.0,"dewpoint_f":68.0,"relative_humidity":100.0,"wind_direction":180.0,"wind_speed_kt":3.0,"wind_speed_mph":3.5,"wind_gust_kt":null,"wind_gust_mph":null,"visibility_mi":9.0,"altimeter_inhg":29.93,"weather":null,"raw_metar":"METAR KBBB 210335Z AUTO 18003KT 9SM OVC080 20/20 A2993 RMK AO2 LTG DSNT S","network":"METAR","source":"Aviation Weather Center"}},{"type":"Feature","geometry":{"type":"Point","coordinates":[-95.3358,41.5842]},"properties":{"station":"KHNR","observation_time":"2026-08-21T03:35:00Z","age_hours":0.37,"temp_c":21.0,"temp_f":69.8,"dewpoint_c":20.0,"dewpoint_f":68.0,"relative_humidity":94.0,"wind_direction":0.0,"wind_speed_kt":0.0,"wind_speed_mph":0.0,"wind_gust_kt":null,"wind_gust_mph":null,"visibility_mi":null,"altimeter_inhg":30.03,"weather":null,"raw_metar":"METAR KHNR 210335Z AUTO 00000KT 10SM CLR 21/20 A3003 RMK A01","network":"METAR","source":"Aviation Weather Center"}},{"type":"Feature","geometry":{"type":"Point","coordinates":[-99.954,44.989]},"properties":{"station":"K0D8","observation_time":"2026-08-21T03:35:00Z","age_hours":0.37,"temp_c":21.0,"temp_f":69.8,"dewpoint_c":15.0,"dewpoint_f":59.0,"relative_humidity":68.6,"wind_direction":10.0,"wind_speed_kt":4.0,"wind_speed_mph":4.6,"wind_gust_kt":null,"wind_gust_mph":null,"visibility_mi":null,"altimeter_inhg":30.03,"weather":null,"raw_metar":"METAR K0D8 210335Z AUTO 01004KT 10SM CLR 21/15 A3003 RMK A01","network":"METAR","source":"Aviation Weather Center"}},{"type":"Feature","geometry":{"type":"Point","coordinates":[-98.6903,42.4691]},"properties":{"station":"KONL","observation_time":"2026-08-21T03:35:00Z","age_hours":0.37,"temp_c":20.5,"temp_f":68.9,"dewpoint_c":18.5,"dewpoint_f":65.3,"relative_humidity":88.3,"wind_direction":0.0,"wind_speed_kt":0.0,"wind_speed_mph":0.0,"wind_gust_kt":null,"wind_gust_mph":null,"visibility_mi":null,"altimeter_inhg":30.06,"weather":null,"raw_metar":"METAR KONL 210335Z AUTO 00000KT 10SM CLR 21/19 A3006 RMK AO2 T02050185","network":"METAR","source":"Aviation Weather Center"}},{"type":"Feature","geometry":{"type":"Point","coordinates":[-103.7879,44.4811]},"properties":{"station":"KSPF","observation_time":"2026-08-21T03:35:00Z","age_hours":0.37,"temp_c":19.0,"temp_f":66.2,"dewpoint_c":8.0,"dewpoint_f":46.4,"relative_humidity":48.9,"wind_direction":150.0,"wind_speed_kt":4.0,"wind_speed_mph":4.6,"wind_gust_kt":null,"wind_gust_mph":null,"visibility_mi":null,"altimeter_inhg":30.16,"weather":null,"raw_metar":"METAR KSPF 210335Z AUTO 15004KT 10SM CLR 19/08 A3016 RMK AO2","network":"METAR","source":"Aviation Weather Center"}},{"type":"Feature","geometry":{"type":"Point","coordinates":[-99.8915,39.8497]},"properties":{"station":"KNRN","observation_time":"2026-08-21T03:35:00Z","age_hours":0.37,"temp_c":26.0,"temp_f":78.8,"dewpoint_c":20.0,"dewpoint_f":68.0,"relative_humidity":69.5,"wind_direction":140.0,"wind_speed_kt":11.0,"wind_speed_mph":12.7,"wind_gust_kt":null,"wind_gust_mph":null,"visibility_mi":null,"altimeter_inhg":30.08,"weather":"VCTS","raw_metar":"METAR KNRN 210335Z AUTO 14011KT 10SM VCTS 26/20 A3008 RMK AO2 LTG DSNT W AND NW PRESFR","network":"METAR","source":"Aviation Weather Center"}},{"type":"Feature","geometry":{"type":"Point","coordinates":[-105.1048,38.4256]},"properties":{"station":"K1V6","observation_time":"2026-08-21T03:35:00Z","age_hours":0.37,"temp_c":22.0,"temp_f":71.6,"dewpoint_c":13.0,"dewpoint_f":55.4,"relative_humidity":56.7,"wind_direction":310.0,"wind_speed_kt":12.0,"wind_speed_mph":13.8,"wind_gust_kt":null,"wind_gust_mph":null,"visibility_mi":null,"altimeter_inhg":30.29,"weather":null,"raw_metar":"METAR K1V6 210335Z AUTO 31012KT 10SM CLR 22/13 A3029 RMK AO1","network":"METAR","source":"Aviation Weather Center"}},{"type":"Feature","geometry":{"type":"Point","coordinates":[-96.2929,37.8519]},"properties":{"station":"K13K","observation_time":"2026-08-21T03:35:00Z","age_hours":0.37,"temp_c":22.3,"temp_f":72.1,"dewpoint_c":19.6,"dewpoint_f":67.3,"relative_humidity":84.7,"wind_direction":50.0,"wind_speed_kt":6.0,"wind_speed_mph":6.9,"wind_gust_kt":null,"wind_gust_mph":null,"visibility_mi":null,"altimeter_inhg":30.06,"weather":null,"raw_metar":"METAR K13K 210335Z AUTO 05006KT 10SM CLR 22/20 A3006 RMK AO2 T02230196","network":"METAR","source":"Aviation Weather Center"}},{"type":"Feature","geometry":{"type":"Point","coordinates":[-100.5687,41.9646]},"properties":{"station":"KTIF","observation_time":"2026-08-21T03:35:00Z","age_hours":0.37,"temp_c":19.2,"temp_f":66.6,"dewpoint_c":16.5,"dewpoint_f":61.7,"relative_humidity":84.4,"wind_direction":0.0,"wind_speed_kt":0.0,"wind_speed_mph":0.0,"wind_gust_kt":null,"wind_gust_mph":null,"visibility_mi":null,"altimeter_inhg":30.12,"weather":null,"raw_metar":"METAR KTIF 210335Z AUTO 00000KT 10SM CLR 19/17 A3012 RMK AO2 T01920165","network":"METAR","source":"Aviation Weather Center"}},{"type":"Feature","geometry":{"type":"Point","coordinates":[-104.5677,44.6607]},"properties":{"station":"KW43","observation_time":"2026-08-21T03:35:00Z","age_hours":0.37,"temp_c":24.0,"temp_f":75.2,"dewpoint_c":5.0,"dewpoint_f":41.0,"relative_humidity":29.3,"wind_direction":null,"wind_speed_kt":null,"wind_speed_mph":null,"wind_gust_kt":null,"wind_gust_mph":null,"visibility_mi":null,"altimeter_inhg":30.16,"weather":null,"raw_metar":"METAR KW43 210335Z AUTO 10SM CLR 24/05 A3016 RMK AO2","network":"METAR","source":"Aviation Weather Center"}},{"type":"Feature","geometry":{"type":"Point","coordinates":[-97.6258,40.8942]},"properties":{"station":"KJYR","observation_time":"2026-08-21T03:35:00Z","age_hours":0.37,"temp_c":22.0,"temp_f":71.6,"dewpoint_c":22.0,"dewpoint_f":71.6,"relative_humidity":100.0,"wind_direction":170.0,"wind_speed_kt":7.0,"wind_speed_mph":8.1,"wind_gust_kt":null,"wind_gust_mph":null,"visibility_mi":null,"altimeter_inhg":30.05,"weather":null,"raw_metar":"METAR KJYR 210335Z AUTO 17007KT 10SM CLR 22/22 A3005 RMK AO2","network":"METAR","source":"Aviation Weather Center"}},{"type":"Feature","geometry":{"type":"Point","coordinates":[-95.5591,44.7521]},"properties":{"station":"KGDB","observation_time":"2026-08-21T03:35:00Z","age_hours":0.37,"temp_c":20.6,"temp_f":69.1,"dewpoint_c":19.6,"dewpoint_f":67.3,"relative_humidity":94.0,"wind_direction":180.0,"wind_speed_kt":4.0,"wind_speed_mph":4.6,"wind_gust_kt":null,"wind_gust_mph":null,"visibility_mi":null,"altimeter_inhg":29.97,"weather":null,"raw_metar":"METAR KGDB 210335Z AUTO 18004KT 10SM CLR 21/20 A2997 RMK AO2 LTG DSNT SE T02060196","network":"METAR","source":"Aviation Weather Center"}},{"type":"Feature","geometry":{"type":"Point","coordinates":[-104.1288,41.151]},"properties":{"station":"K82V","observation_time":"2026-08-21T03:35:00Z","age_hours":0.37,"temp_c":21.6,"temp_f":70.9,"dewpoint_c":13.4,"dewpoint_f":56.1,"relative_humidity":59.6,"wind_direction":200.0,"wind_speed_kt":6.0,"wind_speed_mph":6.9,"wind_gust_kt":null,"wind_gust_mph":null,"visibility_mi":null,"altimeter_inhg":30.25,"weather":null,"raw_metar":"METAR K82V 210335Z AUTO 20006KT 10SM CLR 22/13 A3025 RMK AO2 T02160134 $","network":"METAR","source":"Aviation Weather Center"}},{"type":"Feature","geometry":{"type":"Point","coordinates":[-96.0041,45.2249]},"properties":{"station":"KAQP","observation_time":"2026-08-21T03:35:00Z","age_hours":0.37,"temp_c":19.9,"temp_f":67.8,"dewpoint_c":19.9,"dewpoint_f":67.8,"relative_humidity":100.0,"wind_direction":220.0,"wind_speed_kt":5.0,"wind_speed_mph":5.8,"wind_gust_kt":null,"wind_gust_mph":null,"visibility_mi":9.0,"altimeter_inhg":29.93,"weather":null,"raw_metar":"METAR KAQP 210335Z AUTO 22005KT 9SM CLR 20/20 A2993 RMK AO2 RAE0258 P0000 T01990199","network":"METAR","source":"Aviation Weather Center"}},{"type":"Feature","geometry":{"type":"Point","coordinates":[-96.195,42.7771]},"properties":{"station":"KLRJ","observation_time":"2026-08-21T03:35:00Z","age_hours":0.37,"temp_c":21.0,"temp_f":69.8,"dewpoint_c":21.0,"dewpoint_f":69.8,"relative_humidity":100.0,"wind_direction":30.0,"wind_speed_kt":3.0,"wind_speed_mph":3.5,"wind_gust_kt":null,"wind_gust_mph":null,"visibility_mi":null,"altimeter_inhg":29.98,"weather":null,"raw_metar":"METAR KLRJ 210335Z AUTO 03003KT 10SM CLR 21/21 A2998 RMK AO2","network":"METAR","source":"Aviation Weather Center"}},{"type":"Feature","geometry":{"type":"Point","coordinates":[-96.2623,44.7297]},"properties":{"station":"KCNB","observation_time":"2026-08-21T03:35:00Z","age_hours":0.37,"temp_c":20.9,"temp_f":69.6,"dewpoint_c":18.8,"dewpoint_f":65.8,"relative_humidity":87.8,"wind_direction":0.0,"wind_speed_kt":0.0,"wind_speed_mph":0.0,"wind_gust_kt":null,"wind_gust_mph":null,"visibility_mi":null,"altimeter_inhg":29.97,"weather":null,"raw_metar":"METAR KCNB 210335Z AUTO 00000KT 10SM CLR 21/19 A2997 RMK AO2 T02090188","network":"METAR","source":"Aviation Weather Center"}},{"type":"Feature","geometry":{"type":"Point","coordinates":[-95.384,37.8692]},"properties":{"station":"KK88","observation_time":"2026-08-21T03:35:00Z","age_hours":0.37,"temp_c":24.0,"temp_f":75.2,"dewpoint_c":19.0,"dewpoint_f":66.2,"relative_humidity":73.6,"wind_direction":80.0,"wind_speed_kt":6.0,"wind_speed_mph":6.9,"wind_gust_kt":null,"wind_gust_mph":null,"visibility_mi":null,"altimeter_inhg":30.04,"weather":null,"raw_metar":"METAR KK88 210335Z AUTO 08006KT 10SM CLR 24/19 A3004 RMK AO2","network":"METAR","source":"Aviation Weather Center"}},{"type":"Feature","geometry":{"type":"Point","coordinates":[-96.4256,45.2993]},"properties":{"station":"KVVV","observation_time":"2026-08-21T03:35:00Z","age_hours":0.37,"temp_c":23.0,"temp_f":73.4,"dewpoint_c":19.0,"dewpoint_f":66.2,"relative_humidity":78.2,"wind_direction":0.0,"wind_speed_kt":0.0,"wind_speed_mph":0.0,"wind_gust_kt":null,"wind_gust_mph":null,"visibility_mi":null,"altimeter_inhg":29.96,"weather":null,"raw_metar":"METAR KVVV 210335Z AUTO 00000KT 10SM CLR 23/19 A2996 RMK AO2","network":"METAR","source":"Aviation Weather Center"}},{"type":"Feature","geometry":{"type":"Point","coordinates":[-104.5405,39.7948]},"properties":{"station":"KCFO","observation_time":"2026-08-21T03:35:00Z","age_hours":0.37,"temp_c":23.1,"temp_f":73.6,"dewpoint_c":6.6,"dewpoint_f":43.9,"relative_humidity":34.5,"wind_direction":200.0,"wind_speed_kt":10.0,"wind_speed_mph":11.5,"wind_gust_kt":null,"wind_gust_mph":null,"visibility_mi":null,"altimeter_inhg":30.28,"weather":null,"raw_metar":"METAR KCFO 210335Z AUTO 20010KT 10SM CLR 23/07 A3028 RMK AO2 T02310066","network":"METAR","source":"Aviation Weather Center"}},{"type":"Feature","geometry":{"type":"Point","coordinates":[-101.8802,37.0012]},"properties":{"station":"KEHA","observation_time":"2026-08-21T03:35:00Z","age_hours":0.37,"temp_c":25.3,"temp_f":77.5,"dewpoint_c":17.6,"dewpoint_f":63.7,"relative_humidity":62.4,"wind_direction":60.0,"wind_speed_kt":6.0,"wind_speed_mph":6.9,"wind_gust_kt":null,"wind_gust_mph":null,"visibility_mi":null,"altimeter_inhg":30.12,"weather":null,"raw_metar":"METAR KEHA 210335Z AUTO 06006KT 10SM CLR 25/18 A3012 RMK AO2 T02530176","network":"METAR","source":"Aviation Weather Center"}},{"type":"Feature","geometry":{"type":"Point","coordinates":[-95.7116,44.9675]},"properties":{"station":"KMVE","observation_time":"2026-08-21T03:35:00Z","age_hours":0.37,"temp_c":21.0,"temp_f":69.8,"dewpoint_c":18.0,"dewpoint_f":64.4,"relative_humidity":83.0,"wind_direction":190.0,"wind_speed_kt":4.0,"wind_speed_mph":4.6,"wind_gust_kt":null,"wind_gust_mph":null,"visibility_mi":null,"altimeter_inhg":29.95,"weather":null,"raw_metar":"METAR KMVE 210335Z AUTO 19004KT 10SM CLR 21/18 A2995 RMK AO2 LTG DSNT SE","network":"METAR","source":"Aviation Weather Center"}},{"type":"Feature","geometry":{"type":"Point","coordinates":[-96.1789,44.9839]},"properties":{"station":"KDXX","observation_time":"2026-08-21T03:35:00Z","age_hours":0.37,"temp_c":18.1,"temp_f":64.6,"dewpoint_c":18.1,"dewpoint_f":64.6,"relative_humidity":100.0,"wind_direction":0.0,"wind_speed_kt":0.0,"wind_speed_mph":0.0,"wind_gust_kt":null,"wind_gust_mph":null,"visibility_mi":null,"altimeter_inhg":29.94,"weather":null,"raw_metar":"METAR KDXX 210335Z AUTO 00000KT 10SM CLR 18/18 A2994 RMK AO2 T01810181","network":"METAR","source":"Aviation Weather Center"}},{"type":"Feature","geometry":{"type":"Point","coordinates":[-104.312,43.8845]},"properties":{"station":"KECS","observation_time":"2026-08-21T03:35:00Z","age_hours":0.37,"temp_c":26.0,"temp_f":78.8,"dewpoint_c":2.0,"dewpoint_f":35.6,"relative_humidity":21.0,"wind_direction":80.0,"wind_speed_kt":14.0,"wind_speed_mph":16.1,"wind_gust_kt":18.0,"wind_gust_mph":20.7,"visibility_mi":null,"altimeter_inhg":30.14,"weather":null,"raw_metar":"METAR KECS 210335Z AUTO 08014G18KT 10SM CLR 26/02 A3014 RMK AO2","network":"METAR","source":"Aviation Weather Center"}},{"type":"Feature","geometry":{"type":"Point","coordinates":[-99.3163,43.7653]},"properties":{"station":"K9V9","observation_time":"2026-08-21T03:35:00Z","age_hours":0.37,"temp_c":24.0,"temp_f":75.2,"dewpoint_c":16.5,"dewpoint_f":61.7,"relative_humidity":62.9,"wind_direction":70.0,"wind_speed_kt":5.0,"wind_speed_mph":5.8,"wind_gust_kt":null,"wind_gust_mph":null,"visibility_mi":null,"altimeter_inhg":30.04,"weather":null,"raw_metar":"METAR K9V9 210335Z AUTO 07005KT 10SM CLR 24/17 A3004 RMK AO2 T02400165","network":"METAR","source":"Aviation Weather Center"}},{"type":"Feature","geometry":{"type":"Point","coordinates":[-95.9659,45.5677]},"properties":{"station":"KMOX","observation_time":"2026-08-21T03:35:00Z","age_hours":0.37,"temp_c":21.0,"temp_f":69.8,"dewpoint_c":21.0,"dewpoint_f":69.8,"relative_humidity":100.0,"wind_direction":340.0,"wind_speed_kt":3.0,"wind_speed_mph":3.5,"wind_gust_kt":null,"wind_gust_mph":null,"visibility_mi":null,"altimeter_inhg":29.93,"weather":null,"raw_metar":"METAR KMOX 210335Z AUTO 34003KT 10SM BKN080 21/21 A2993 RMK AO2","network":"METAR","source":"Aviation Weather Center"}},{"type":"Feature","geometry":{"type":"Point","coordinates":[-102.6192,37.4547]},"properties":{"station":"K8V7","observation_time":"2026-08-21T03:35:00Z","age_hours":0.37,"temp_c":25.0,"temp_f":77.0,"dewpoint_c":13.0,"dewpoint_f":55.4,"relative_humidity":47.3,"wind_direction":130.0,"wind_speed_kt":6.0,"wind_speed_mph":6.9,"wind_gust_kt":null,"wind_gust_mph":null,"visibility_mi":null,"altimeter_inhg":30.17,"weather":null,"raw_metar":"METAR K8V7 210335Z AUTO 13006KT 10SM CLR 25/13 A3017 RMK AO2","network":"METAR","source":"Aviation Weather Center"}},{"type":"Feature","geometry":{"type":"Point","coordinates":[-95.9946,45.9891]},"properties":{"station":"KY63","observation_time":"2026-08-21T03:35:00Z","age_hours":0.37,"temp_c":21.4,"temp_f":70.5,"dewpoint_c":14.6,"dewpoint_f":58.3,"relative_humidity":65.2,"wind_direction":0.0,"wind_speed_kt":0.0,"wind_speed_mph":0.0,"wind_gust_kt":null,"wind_gust_mph":null,"visibility_mi":null,"altimeter_inhg":29.95,"weather":null,"raw_metar":"METAR KY63 210335Z AUTO 00000KT 10SM CLR 21/15 A2995 RMK AO2 T02140146","network":"METAR","source":"Aviation Weather Center"}},{"type":"Feature","geometry":{"type":"Point","coordinates":[-95.9124,40.9446]},"properties":{"station":"KPMV","observation_time":"2026-08-21T03:35:00Z","age_hours":0.37,"temp_c":22.5,"temp_f":72.5,"dewpoint_c":19.5,"dewpoint_f":67.1,"relative_humidity":83.2,"wind_direction":160.0,"wind_speed_kt":6.0,"wind_speed_mph":6.9,"wind_gust_kt":null,"wind_gust_mph":null,"visibility_mi":null,"altimeter_inhg":30.04,"weather":null,"raw_metar":"METAR KPMV 210335Z AUTO 16006KT 10SM CLR 23/20 A3004 RMK AO2 T02250195","network":"METAR","source":"Aviation Weather Center"}},{"type":"Feature","geometry":{"type":"Point","coordinates":[-95.612,44.25]},"properties":{"station":"KTKC","observation_time":"2026-08-21T03:35:00Z","age_hours":0.37,"temp_c":22.0,"temp_f":71.6,"dewpoint_c":20.0,"dewpoint_f":68.0,"relative_humidity":88.4,"wind_direction":0.0,"wind_speed_kt":0.0,"wind_speed_mph":0.0,"wind_gust_kt":null,"wind_gust_mph":null,"visibility_mi":null,"altimeter_inhg":29.98,"weather":null,"raw_metar":"METAR KTKC 210335Z AUTO 00000KT 10SM SCT055 BKN065 BKN070 22/20 A2998 RMK AO2 LTG DSNT E","network":"METAR","source":"Aviation Weather Center"}},{"type":"Feature","geometry":{"type":"Point","coordinates":[-96.1131,41.1981]},"properties":{"station":"KMLE","observation_time":"2026-08-21T03:35:00Z","age_hours":0.37,"temp_c":23.5,"temp_f":74.3,"dewpoint_c":20.1,"dewpoint_f":68.2,"relative_humidity":81.2,"wind_direction":170.0,"wind_speed_kt":3.0,"wind_speed_mph":3.5,"wind_gust_kt":null,"wind_gust_mph":null,"visibility_mi":null,"altimeter_inhg":30.03,"weather":null,"raw_metar":"METAR KMLE 210335Z AUTO 17003KT 10SM CLR 24/20 A3003 RMK AO2 T02350201","network":"METAR","source":"Aviation Weather Center"}},{"type":"Feature","geometry":{"type":"Point","coordinates":[-98.529,44.86]},"properties":{"station":"K1D8","observation_time":"2026-08-21T03:35:00Z","age_hours":0.37,"temp_c":20.0,"temp_f":68.0,"dewpoint_c":20.0,"dewpoint_f":68.0,"relative_humidity":100.0,"wind_direction":0.0,"wind_speed_kt":0.0,"wind_speed_mph":0.0,"wind_gust_kt":null,"wind_gust_mph":null,"visibility_mi":null,"altimeter_inhg":29.97,"weather":null,"raw_metar":"METAR K1D8 210335Z AUTO 00000KT 10SM CLR 20/20 A2997 RMK AO2","network":"METAR","source":"Aviation Weather Center"}},{"type":"Feature","geometry":{"type":"Point","coordinates":[-96.566,45.231]},"properties":{"station":"K1D1","observation_time":"2026-08-21T03:35:00Z","age_hours":0.37,"temp_c":19.0,"temp_f":66.2,"dewpoint_c":19.0,"dewpoint_f":66.2,"relative_humidity":100.0,"wind_direction":270.0,"wind_speed_kt":5.0,"wind_speed_mph":5.8,"wind_gust_kt":null,"wind_gust_mph":null,"visibility_mi":null,"altimeter_inhg":29.95,"weather":null,"raw_metar":"METAR K1D1 210335Z AUTO 27005KT 10SM CLR 19/19 A2995 RMK AO2","network":"METAR","source":"Aviation Weather Center"}},{"type":"Feature","geometry":{"type":"Point","coordinates":[-100.162,40.307]},"properties":{"station":"KCSB","observation_time":"2026-08-21T03:35:00Z","age_hours":0.37,"temp_c":24.0,"temp_f":75.2,"dewpoint_c":21.0,"dewpoint_f":69.8,"relative_humidity":83.3,"wind_direction":80.0,"wind_speed_kt":5.0,"wind_speed_mph":5.8,"wind_gust_kt":null,"wind_gust_mph":null,"visibility_mi":null,"altimeter_inhg":30.09,"weather":"VCTS","raw_metar":"METAR KCSB 210335Z AUTO 08005KT 10SM VCTS CLR 24/21 A3009 RMK AO2 LTG DSNT S AND SW","network":"METAR","source":"Aviation Weather Center"}},{"type":"Feature","geometry":{"type":"Point","coordinates":[-95.012,36.543]},"properties":{"station":"K1K8","observation_time":"2026-08-21T03:35:00Z","age_hours":0.37,"temp_c":29.0,"temp_f":84.2,"dewpoint_c":20.0,"dewpoint_f":68.0,"relative_humidity":58.3,"wind_direction":60.0,"wind_speed_kt":4.0,"wind_speed_mph":4.6,"wind_gust_kt":null,"wind_gust_mph":null,"visibility_mi":null,"altimeter_inhg":30.01,"weather":null,"raw_metar":"METAR K1K8 210335Z AUTO 06004KT 10SM CLR 29/20 A3001 RMK AO2","network":"METAR","source":"Aviation Weather Center"}},{"type":"Feature","geometry":{"type":"Point","coordinates":[-102.241,40.1]},"properties":{"station":"K2V5","observation_time":"2026-08-21T03:35:00Z","age_hours":0.37,"temp_c":25.0,"temp_f":77.0,"dewpoint_c":17.0,"dewpoint_f":62.6,"relative_humidity":61.2,"wind_direction":90.0,"wind_speed_kt":7.0,"wind_speed_mph":8.1,"wind_gust_kt":null,"wind_gust_mph":null,"visibility_mi":null,"altimeter_inhg":30.14,"weather":null,"raw_metar":"METAR K2V5 210335Z AUTO 09007KT 10SM CLR 25/17 A3014 RMK AO2","network":"METAR","source":"Aviation Weather Center"}},{"type":"Feature","geometry":{"type":"Point","coordinates":[-95.2135,46.4502]},"properties":{"station":"KADC","observation_time":"2026-08-21T03:35:00Z","age_hours":0.37,"temp_c":19.0,"temp_f":66.2,"dewpoint_c":14.0,"dewpoint_f":57.2,"relative_humidity":72.8,"wind_direction":290.0,"wind_speed_kt":3.0,"wind_speed_mph":3.5,"wind_gust_kt":null,"wind_gust_mph":null,"visibility_mi":null,"altimeter_inhg":29.93,"weather":null,"raw_metar":"METAR KADC 210335Z AUTO 29003KT 10SM CLR 19/14 A2993 RMK AO2","network":"METAR","source":"Aviation Weather Center"}},{"type":"Feature","geometry":{"type":"Point","coordinates":[-96.594,41.241]},"properties":{"station":"KAHQ","observation_time":"2026-08-21T03:35:00Z","age_hours":0.37,"temp_c":21.5,"temp_f":70.7,"dewpoint_c":20.9,"dewpoint_f":69.6,"relative_humidity":96.4,"wind_direction":30.0,"wind_speed_kt":5.0,"wind_speed_mph":5.8,"wind_gust_kt":null,"wind_gust_mph":null,"visibility_mi":null,"altimeter_inhg":30.05,"weather":null,"raw_metar":"METAR KAHQ 210335Z AUTO 03005KT 10SM CLR 22/21 A3005 RMK AO2 T02150209","network":"METAR","source":"Aviation Weather Center"}},{"type":"Feature","geometry":{"type":"Point","coordinates":[-97.9973,40.8966]},"properties":{"station":"KAUH","observation_time":"2026-08-21T03:35:00Z","age_hours":0.37,"temp_c":22.1,"temp_f":71.8,"dewpoint_c":20.3,"dewpoint_f":68.5,"relative_humidity":89.5,"wind_direction":160.0,"wind_speed_kt":7.0,"wind_speed_mph":8.1,"wind_gust_kt":null,"wind_gust_mph":null,"visibility_mi":null,"altimeter_inhg":30.06,"weather":null,"raw_metar":"METAR KAUH 210335Z AUTO 16007KT 10SM CLR 22/20 A3006 RMK AO2 T02210203","network":"METAR","source":"Aviation Weather Center"}},{"type":"Feature","geometry":{"type":"Point","coordinates":[-98.6724,36.7765]},"properties":{"station":"KAVK","observation_time":"2026-08-21T03:35:00Z","age_hours":0.37,"temp_c":31.0,"temp_f":87.8,"dewpoint_c":19.0,"dewpoint_f":66.2,"relative_humidity":48.9,"wind_direction":90.0,"wind_speed_kt":10.0,"wind_speed_mph":11.5,"wind_gust_kt":null,"wind_gust_mph":null,"visibility_mi":null,"altimeter_inhg":29.98,"weather":null,"raw_metar":"METAR KAVK 210335Z AUTO 09010KT 10SM CLR 31/19 A2998 RMK A01","network":"METAR","source":"Aviation Weather Center"}},{"type":"Feature","geometry":{"type":"Point","coordinates":[-104.9386,42.0563]},"properties":{"station":"KEAN","observation_time":"2026-08-21T03:35:00Z","age_hours":0.37,"temp_c":25.3,"temp_f":77.5,"dewpoint_c":4.7,"dewpoint_f":40.5,"relative_humidity":26.5,"wind_direction":170.0,"wind_speed_kt":5.0,"wind_speed_mph":5.8,"wind_gust_kt":null,"wind_gust_mph":null,"visibility_mi":null,"altimeter_inhg":30.17,"weather":null,"raw_metar":"METAR KEAN 210335Z AUTO 17005KT 10SM CLR 25/05 A3017 RMK AO2 T02530047","network":"METAR","source":"Aviation Weather Center"}},{"type":"Feature","geometry":{"type":"Point","coordinates":[-105.764,39.794]},"properties":{"station":"K0CO","observation_time":"2026-08-21T03:35:00Z","age_hours":0.37,"temp_c":9.0,"temp_f":48.2,"dewpoint_c":3.0,"dewpoint_f":37.4,"relative_humidity":66.1,"wind_direction":150.0,"wind_speed_kt":19.0,"wind_speed_mph":21.9,"wind_gust_kt":23.0,"wind_gust_mph":26.5,"visibility_mi":null,"altimeter_inhg":30.86,"weather":null,"raw_metar":"METAR K0CO 210335Z AUTO 15019G23KT 10SM CLR 09/03 A3086 RMK AO2","network":"METAR","source":"Aviation Weather Center"}},{"type":"Feature","geometry":{"type":"Point","coordinates":[-97.7457,45.8186]},"properties":{"station":"KBTN","observation_time":"2026-08-21T03:35:00Z","age_hours":0.37,"temp_c":20.0,"temp_f":68.0,"dewpoint_c":16.0,"dewpoint_f":60.8,"relative_humidity":77.8,"wind_direction":0.0,"wind_speed_kt":0.0,"wind_speed_mph":0.0,"wind_gust_kt":null,"wind_gust_mph":null,"visibility_mi":null,"altimeter_inhg":29.95,"weather":null,"raw_metar":"METAR KBTN 210335Z AUTO 00000KT 10SM CLR 20/16 A2995 RMK AO2","network":"METAR","source":"Aviation Weather Center"}},{"type":"Feature","geometry":{"type":"Point","coordinates":[-102.181,42.8039]},"properties":{"station":"KGRN","observation_time":"2026-08-21T03:35:00Z","age_hours":0.37,"temp_c":19.8,"temp_f":67.6,"dewpoint_c":11.6,"dewpoint_f":52.9,"relative_humidity":59.2,"wind_direction":120.0,"wind_speed_kt":3.0,"wind_speed_mph":3.5,"wind_gust_kt":null,"wind_gust_mph":null,"visibility_mi":null,"altimeter_inhg":30.13,"weather":null,"raw_metar":"METAR KGRN 210335Z AUTO 12003KT 10SM CLR 20/12 A3013 RMK AO2 T01980116","network":"METAR","source":"Aviation Weather Center"}},{"type":"Feature","geometry":{"type":"Point","coordinates":[-95.7604,41.2611]},"properties":{"station":"KCBF","observation_time":"2026-08-21T03:35:00Z","age_hours":0.37,"temp_c":23.0,"temp_f":73.4,"dewpoint_c":20.0,"dewpoint_f":68.0,"relative_humidity":83.2,"wind_direction":190.0,"wind_speed_kt":7.0,"wind_speed_mph":8.1,"wind_gust_kt":null,"wind_gust_mph":null,"visibility_mi":null,"altimeter_inhg":30.01,"weather":null,"raw_metar":"METAR KCBF 210335Z AUTO 19007KT 10SM CLR 23/20 A3001 RMK AO2","network":"METAR","source":"Aviation Weather Center"}},{"type":"Feature","geometry":{"type":"Point","coordinates":[-105.171,37.512]},"properties":{"station":"KVTP","observation_time":"2026-08-21T03:35:00Z","age_hours":0.37,"temp_c":null,"temp_f":null,"dewpoint_c":null,"dewpoint_f":null,"relative_humidity":null,"wind_direction":210.0,"wind_speed_kt":8.0,"wind_speed_mph":9.2,"wind_gust_kt":null,"wind_gust_mph":null,"visibility_mi":null,"altimeter_inhg":30.8,"weather":null,"raw_metar":"METAR KVTP 210335Z AUTO 21008KT 10SM CLR A3080 RMK AO2","network":"METAR","source":"Aviation Weather Center"}},{"type":"Feature","geometry":{"type":"Point","coordinates":[-95.0222,40.7242]},"properties":{"station":"KICL","observation_time":"2026-08-21T03:35:00Z","age_hours":0.37,"temp_c":20.0,"temp_f":68.0,"dewpoint_c":19.0,"dewpoint_f":66.2,"relative_humidity":94.0,"wind_direction":0.0,"wind_speed_kt":0.0,"wind_speed_mph":0.0,"wind_gust_kt":null,"wind_gust_mph":null,"visibility_mi":8.0,"altimeter_inhg":30.06,"weather":null,"raw_metar":"METAR KICL 210335Z AUTO 00000KT 8SM SCT043 20/19 A3006 RMK AO2","network":"METAR","source":"Aviation Weather Center"}},{"type":"Feature","geometry":{"type":"Point","coordinates":[-105.514,39.05]},"properties":{"station":"K4BM","observation_time":"2026-08-21T03:35:00Z","age_hours":0.37,"temp_c":13.0,"temp_f":55.4,"dewpoint_c":3.0,"dewpoint_f":37.4,"relative_humidity":50.7,"wind_direction":170.0,"wind_speed_kt":11.0,"wind_speed_mph":12.7,"wind_gust_kt":null,"wind_gust_mph":null,"visibility_mi":null,"altimeter_inhg":30.81,"weather":null,"raw_metar":"METAR K4BM 210335Z AUTO 17011KT 10SM CLR 13/03 A3081 RMK AO2","network":"METAR","source":"Aviation Weather Center"}},{"type":"Feature","geometry":{"type":"Point","coordinates":[-104.6423,39.2232]},"properties":{"station":"KMNH","observation_time":"2026-08-21T03:35:00Z","age_hours":0.37,"temp_c":18.0,"temp_f":64.4,"dewpoint_c":11.0,"dewpoint_f":51.8,"relative_humidity":63.6,"wind_direction":190.0,"wind_speed_kt":5.0,"wind_speed_mph":5.8,"wind_gust_kt":null,"wind_gust_mph":null,"visibility_mi":null,"altimeter_inhg":30.43,"weather":null,"raw_metar":"METAR KMNH 210335Z AUTO 19005KT 10SM CLR 18/11 A3043 RMK AO2","network":"METAR","source":"Aviation Weather Center"}},{"type":"Feature","geometry":{"type":"Point","coordinates":[-95.7217,38.3041]},"properties":{"station":"KUKL","observation_time":"2026-08-21T03:35:00Z","age_hours":0.37,"temp_c":21.4,"temp_f":70.5,"dewpoint_c":19.4,"dewpoint_f":66.9,"relative_humidity":88.4,"wind_direction":80.0,"wind_speed_kt":4.0,"wind_speed_mph":4.6,"wind_gust_kt":null,"wind_gust_mph":null,"visibility_mi":null,"altimeter_inhg":30.07,"weather":null,"raw_metar":"METAR KUKL 210335Z AUTO 08004KT 10SM CLR 21/19 A3007 RMK AO2 T02140194","network":"METAR","source":"Aviation Weather Center"}},{"type":"Feature","geometry":{"type":"Point","coordinates":[-97.6883,38.3491]},"properties":{"station":"KMPR","observation_time":"2026-08-21T03:35:00Z","age_hours":0.37,"temp_c":27.8,"temp_f":82.0,"dewpoint_c":18.5,"dewpoint_f":65.3,"relative_humidity":57.0,"wind_direction":90.0,"wind_speed_kt":9.0,"wind_speed_mph":10.4,"wind_gust_kt":null,"wind_gust_mph":null,"visibility_mi":null,"altimeter_inhg":30.05,"weather":null,"raw_metar":"METAR KMPR 210335Z AUTO 09009KT 10SM CLR 28/19 A3005 RMK AO2 T02780185","network":"METAR","source":"Aviation Weather Center"}},{"type":"Feature","geometry":{"type":"Point","coordinates":[-102.7128,40.1047]},"properties":{"station":"K2V6","observation_time":"2026-08-21T03:37:00Z","age_hours":0.34,"temp_c":23.0,"temp_f":73.4,"dewpoint_c":15.0,"dewpoint_f":59.0,"relative_humidity":60.7,"wind_direction":70.0,"wind_speed_kt":3.0,"wind_speed_mph":3.5,"wind_gust_kt":null,"wind_gust_mph":null,"visibility_mi":null,"altimeter_inhg":30.17,"weather":null,"raw_metar":"METAR K2V6 210337Z AUTO 07003KT 10SM CLR 23/15 A3017 RMK AO2","network":"METAR","source":"Aviation Weather Center"}},{"type":"Feature","geometry":{"type":"Point","coordinates":[-104.2613,46.352]},"properties":{"station":"KBHK","observation_time":"2026-08-21T03:51:00Z","age_hours":0.11,"temp_c":19.4,"temp_f":66.9,"dewpoint_c":6.1,"dewpoint_f":43.0,"relative_humidity":41.8,"wind_direction":120.0,"wind_speed_kt":5.0,"wind_speed_mph":5.8,"wind_gust_kt":null,"wind_gust_mph":null,"visibility_mi":null,"altimeter_inhg":30.1,"weather":null,"raw_metar":"METAR KBHK 210351Z AUTO 12005KT 10SM CLR 19/06 A3010 RMK AO2 SLP170 T01940061","network":"METAR","source":"Aviation Weather Center"}},{"type":"Feature","geometry":{"type":"Point","coordinates":[-97.8607,38.0682]},"properties":{"station":"KHUT","observation_time":"2026-08-21T03:52:00Z","age_hours":0.09,"temp_c":26.1,"temp_f":79.0,"dewpoint_c":17.8,"dewpoint_f":64.0,"relative_humidity":60.3,"wind_direction":90.0,"wind_speed_kt":8.0,"wind_speed_mph":9.2,"wind_gust_kt":null,"wind_gust_mph":null,"visibility_mi":null,"altimeter_inhg":30.04,"weather":null,"raw_metar":"METAR KHUT 210352Z AUTO 09008KT 10SM CLR 26/18 A3004 RMK AO2 SLP149 T02610178","network":"METAR","source":"Aviation Weather Center"}},{"type":"Feature","geometry":{"type":"Point","coordinates":[-96.3795,42.3917]},"properties":{"station":"KSUX","observation_time":"2026-08-21T03:52:00Z","age_hours":0.09,"temp_c":22.2,"temp_f":72.0,"dewpoint_c":20.0,"dewpoint_f":68.0,"relative_humidity":87.4,"wind_direction":140.0,"wind_speed_kt":4.0,"wind_speed_mph":4.6,"wind_gust_kt":null,"wind_gust_mph":null,"visibility_mi":null,"altimeter_inhg":29.99,"weather":null,"raw_metar":"METAR KSUX 210352Z AUTO 14004KT 10SM CLR 22/20 A2999 RMK AO2 SLP149 T02220200","network":"METAR","source":"Aviation Weather Center"}},{"type":"Feature","geometry":{"type":"Point","coordinates":[-100.5514,42.8585]},"properties":{"station":"KVTN","observation_time":"2026-08-21T03:52:00Z","age_hours":0.09,"temp_c":22.2,"temp_f":72.0,"dewpoint_c":16.7,"dewpoint_f":62.1,"relative_humidity":71.0,"wind_direction":0.0,"wind_speed_kt":0.0,"wind_speed_mph":0.0,"wind_gust_kt":null,"wind_gust_mph":null,"visibility_mi":null,"altimeter_inhg":30.08,"weather":null,"raw_metar":"METAR KVTN 210352Z AUTO 00000KT 10SM CLR 22/17 A3008 RMK AO2 SLP165 T02220167","network":"METAR","source":"Aviation Weather Center"}},{"type":"Feature","geometry":{"type":"Point","coordinates":[-95.2115,39.0078]},"properties":{"station":"KLWC","observation_time":"2026-08-21T03:52:00Z","age_hours":0.09,"temp_c":21.7,"temp_f":71.1,"dewpoint_c":20.6,"dewpoint_f":69.1,"relative_humidity":93.5,"wind_direction":0.0,"wind_speed_kt":0.0,"wind_speed_mph":0.0,"wind_gust_kt":null,"wind_gust_mph":null,"visibility_mi":null,"altimeter_inhg":30.07,"weather":null,"raw_metar":"METAR KLWC 210352Z AUTO 00000KT 10SM CLR 22/21 A3007 RMK AO1 SLP175 T02170206","network":"METAR","source":"Aviation Weather Center"}},{"type":"Feature","geometry":{"type":"Point","coordinates":[-95.5726,37.0912]},"properties":{"station":"KCFV","observation_time":"2026-08-21T03:52:00Z","age_hours":0.09,"temp_c":27.8,"temp_f":82.0,"dewpoint_c":17.8,"dewpoint_f":64.0,"relative_humidity":54.5,"wind_direction":70.0,"wind_speed_kt":7.0,"wind_speed_mph":8.1,"wind_gust_kt":null,"wind_gust_mph":null,"visibility_mi":null,"altimeter_inhg":30.01,"weather":null,"raw_metar":"METAR KCFV 210352Z AUTO 07007KT 10SM CLR 28/18 A3001 RMK AO2 SLP153 T02780178","network":"METAR","source":"Aviation Weather Center"}},{"type":"Feature","geometry":{"type":"Point","coordinates":[-99.9692,37.7711]},"properties":{"station":"KDDC","observation_time":"2026-08-21T03:52:00Z","age_hours":0.09,"temp_c":27.2,"temp_f":81.0,"dewpoint_c":17.2,"dewpoint_f":63.0,"relative_humidity":54.4,"wind_direction":100.0,"wind_speed_kt":7.0,"wind_speed_mph":8.1,"wind_gust_kt":null,"wind_gust_mph":null,"visibility_mi":8.0,"altimeter_inhg":30.1,"weather":null,"raw_metar":"METAR KDDC 210352Z AUTO 10007KT 8SM CLR 27/17 A3010 RMK AO2 SLP156 T02720172","network":"METAR","source":"Aviation Weather Center"}},{"type":"Feature","geometry":{"type":"Point","coordinates":[-102.52,43.0262]},"properties":{"station":"KIEN","observation_time":"2026-08-21T03:52:00Z","age_hours":0.09,"temp_c":21.7,"temp_f":71.1,"dewpoint_c":10.6,"dewpoint_f":51.1,"relative_humidity":49.3,"wind_direction":70.0,"wind_speed_kt":7.0,"wind_speed_mph":8.1,"wind_gust_kt":null,"wind_gust_mph":null,"visibility_mi":null,"altimeter_inhg":30.11,"weather":null,"raw_metar":"METAR KIEN 210352Z AUTO 07007KT 10SM CLR 22/11 A3011 RMK AO2 SLP163 T02170106 $","network":"METAR","source":"Aviation Weather Center"}},{"type":"Feature","geometry":{"type":"Point","coordinates":[-96.6789,39.1346]},"properties":{"station":"KMHK","observation_time":"2026-08-21T03:52:00Z","age_hours":0.09,"temp_c":22.2,"temp_f":72.0,"dewpoint_c":20.6,"dewpoint_f":69.1,"relative_humidity":90.7,"wind_direction":0.0,"wind_speed_kt":0.0,"wind_speed_mph":0.0,"wind_gust_kt":null,"wind_gust_mph":null,"visibility_mi":null,"altimeter_inhg":30.05,"weather":null,"raw_metar":"METAR KMHK 210352Z AUTO 00000KT 10SM CLR 22/21 A3005 RMK AO2 SLP167 T02220206","network":"METAR","source":"Aviation Weather Center"}},{"type":"Feature","geometry":{"type":"Point","coordinates":[-100.404,45.543]},"properties":{"station":"KMBG","observation_time":"2026-08-21T03:52:00Z","age_hours":0.09,"temp_c":20.0,"temp_f":68.0,"dewpoint_c":11.1,"dewpoint_f":52.0,"relative_humidity":56.5,"wind_direction":40.0,"wind_speed_kt":6.0,"wind_speed_mph":6.9,"wind_gust_kt":null,"wind_gust_mph":null,"visibility_mi":null,"altimeter_inhg":30.0,"weather":null,"raw_metar":"METAR KMBG 210352Z AUTO 04006KT 10SM CLR 20/11 A3000 RMK AO2 SLP148 T02000111","network":"METAR","source":"Aviation Weather Center"}},{"type":"Feature","geometry":{"type":"Point","coordinates":[-105.8618,37.4393]},"properties":{"station":"KALS","observation_time":"2026-08-21T03:52:00Z","age_hours":0.09,"temp_c":18.9,"temp_f":66.0,"dewpoint_c":8.3,"dewpoint_f":46.9,"relative_humidity":50.2,"wind_direction":290.0,"wind_speed_kt":11.0,"wind_speed_mph":12.7,"wind_gust_kt":null,"wind_gust_mph":null,"visibility_mi":null,"altimeter_inhg":30.49,"weather":null,"raw_metar":"METAR KALS 210352Z AUTO 29011KT 10SM CLR 19/08 A3049 RMK AO2 SLP224 T01890083 $","network":"METAR","source":"Aviation Weather Center"}},{"type":"Feature","geometry":{"type":"Point","coordinates":[-95.9018,41.3119]},"properties":{"station":"KOMA","observation_time":"2026-08-21T03:52:00Z","age_hours":0.09,"temp_c":24.4,"temp_f":75.9,"dewpoint_c":20.0,"dewpoint_f":68.0,"relative_humidity":76.5,"wind_direction":180.0,"wind_speed_kt":7.0,"wind_speed_mph":8.1,"wind_gust_kt":null,"wind_gust_mph":null,"visibility_mi":null,"altimeter_inhg":30.02,"weather":null,"raw_metar":"METAR KOMA 210352Z 18007KT 10SM SCT150 OVC250 24/20 A3002 RMK AO2 SLP156 T02440200","network":"METAR","source":"Aviation Weather Center"}},{"type":"Feature","geometry":{"type":"Point","coordinates":[-103.0544,44.0458]},"properties":{"station":"KRAP","observation_time":"2026-08-21T03:52:00Z","age_hours":0.09,"temp_c":21.1,"temp_f":70.0,"dewpoint_c":10.6,"dewpoint_f":51.1,"relative_humidity":51.1,"wind_direction":130.0,"wind_speed_kt":4.0,"wind_speed_mph":4.6,"wind_gust_kt":null,"wind_gust_mph":null,"visibility_mi":null,"altimeter_inhg":30.11,"weather":null,"raw_metar":"METAR KRAP 210352Z 13004KT 10SM CLR 21/11 A3011 RMK AO2 SLP165 T02110106","network":"METAR","source":"Aviation Weather Center"}},{"type":"Feature","geometry":{"type":"Point","coordinates":[-95.4846,37.6705]},"properties":{"station":"KCNU","observation_time":"2026-08-21T03:52:00Z","age_hours":0.09,"temp_c":26.7,"temp_f":80.1,"dewpoint_c":17.8,"dewpoint_f":64.0,"relative_humidity":58.2,"wind_direction":70.0,"wind_speed_kt":7.0,"wind_speed_mph":8.1,"wind_gust_kt":null,"wind_gust_mph":null,"visibility_mi":null,"altimeter_inhg":30.05,"weather":null,"raw_metar":"METAR KCNU 210352Z AUTO 07007KT 10SM CLR 27/18 A3005 RMK AO2 SLP163 T02670178","network":"METAR","source":"Aviation Weather Center"}},{"type":"Feature","geometry":{"type":"Point","coordinates":[-95.5045,37.3281]},"properties":{"station":"KPPF","observation_time":"2026-08-21T03:52:00Z","age_hours":0.09,"temp_c":26.1,"temp_f":79.0,"dewpoint_c":17.2,"dewpoint_f":63.0,"relative_humidity":58.0,"wind_direction":90.0,"wind_speed_kt":8.0,"wind_speed_mph":9.2,"wind_gust_kt":14.0,"wind_gust_mph":16.1,"visibility_mi":null,"altimeter_inhg":30.03,"weather":null,"raw_metar":"METAR KPPF 210352Z AUTO 09008G14KT 10SM CLR 26/17 A3003 RMK AO2 SLP159 T02610172","network":"METAR","source":"Aviation Weather Center"}},{"type":"Feature","geometry":{"type":"Point","coordinates":[-102.6518,46.0108]},"properties":{"station":"KHEI","observation_time":"2026-08-21T03:53:00Z","age_hours":0.07,"temp_c":17.2,"temp_f":63.0,"dewpoint_c":10.0,"dewpoint_f":50.0,"relative_humidity":62.6,"wind_direction":50.0,"wind_speed_kt":7.0,"wind_speed_mph":8.1,"wind_gust_kt":null,"wind_gust_mph":null,"visibility_mi":null,"altimeter_inhg":30.08,"weather":null,"raw_metar":"METAR KHEI 210353Z AUTO 05007KT 10SM CLR 17/10 A3008 RMK AO2 SLP171 T01720100","network":"METAR","source":"Aviation Weather Center"}},{"type":"Feature","geometry":{"type":"Point","coordinates":[-96.5461,45.7828]},"properties":{"station":"KETH","observation_time":"2026-08-21T03:53:00Z","age_hours":0.07,"temp_c":19.0,"temp_f":66.2,"dewpoint_c":16.0,"dewpoint_f":60.8,"relative_humidity":82.8,"wind_direction":260.0,"wind_speed_kt":3.0,"wind_speed_mph":3.5,"wind_gust_kt":null,"wind_gust_mph":null,"visibility_mi":null,"altimeter_inhg":29.96,"weather":null,"raw_metar":"METAR KETH 210353Z AUTO 26003KT 10SM CLR 19/16 A2996 RMK AO2","network":"METAR","source":"Aviation Weather Center"}},{"type":"Feature","geometry":{"type":"Point","coordinates":[-101.5052,36.6819]},"properties":{"station":"KGUY","observation_time":"2026-08-21T03:53:00Z","age_hours":0.07,"temp_c":27.2,"temp_f":81.0,"dewpoint_c":16.1,"dewpoint_f":61.0,"relative_humidity":50.7,"wind_direction":350.0,"wind_speed_kt":5.0,"wind_speed_mph":5.8,"wind_gust_kt":null,"wind_gust_mph":null,"visibility_mi":null,"altimeter_inhg":30.04,"weather":null,"raw_metar":"METAR KGUY 210353Z AUTO 35005KT 10SM CLR 27/16 A3004 RMK AO2 SLP118 T02720161","network":"METAR","source":"Aviation Weather Center"}},{"type":"Feature","geometry":{"type":"Point","coordinates":[-95.0804,44.5483]},"properties":{"station":"KRWF","observation_time":"2026-08-21T03:53:00Z","age_hours":0.07,"temp_c":20.6,"temp_f":69.1,"dewpoint_c":17.2,"dewpoint_f":63.0,"relative_humidity":80.9,"wind_direction":210.0,"wind_speed_kt":10.0,"wind_speed_mph":11.5,"wind_gust_kt":null,"wind_gust_mph":null,"visibility_mi":null,"altimeter_inhg":29.95,"weather":null,"raw_metar":"METAR KRWF 210353Z AUTO 21010KT 10SM CLR 21/17 A2995 RMK AO2 LTG DSNT SE-SW SLP138 T02060172","network":"METAR","source":"Aviation Weather Center"}},{"type":"Feature","geometry":{"type":"Point","coordinates":[-96.013,36.7664]},"properties":{"station":"KBVO","observation_time":"2026-08-21T03:53:00Z","age_hours":0.07,"temp_c":26.7,"temp_f":80.1,"dewpoint_c":16.7,"dewpoint_f":62.1,"relative_humidity":54.3,"wind_direction":60.0,"wind_speed_kt":3.0,"wind_speed_mph":3.5,"wind_gust_kt":null,"wind_gust_mph":null,"visibility_mi":null,"altimeter_inhg":30.0,"weather":null,"raw_metar":"METAR KBVO 210353Z AUTO 06003KT 10SM CLR 27/17 A3000 RMK AO2 SLP147 T02670167 $","network":"METAR","source":"Aviation Weather Center"}},{"type":"Feature","geometry":{"type":"Point","coordinates":[-103.6151,43.7331]},"properties":{"station":"KCUT","observation_time":"2026-08-21T03:53:00Z","age_hours":0.07,"temp_c":18.9,"temp_f":66.0,"dewpoint_c":6.1,"dewpoint_f":43.0,"relative_humidity":43.2,"wind_direction":60.0,"wind_speed_kt":5.0,"wind_speed_mph":5.8,"wind_gust_kt":null,"wind_gust_mph":null,"visibility_mi":null,"altimeter_inhg":30.27,"weather":null,"raw_metar":"METAR KCUT 210353Z AUTO 06005KT 10SM CLR 19/06 A3027 RMK AO2 SLP177 T01890061 $","network":"METAR","source":"Aviation Weather Center"}},{"type":"Feature","geometry":{"type":"Point","coordinates":[-104.6562,39.8466]},"properties":{"station":"KDEN","observation_time":"2026-08-21T03:53:00Z","age_hours":0.07,"temp_c":24.4,"temp_f":75.9,"dewpoint_c":8.9,"dewpoint_f":48.0,"relative_humidity":37.3,"wind_direction":170.0,"wind_speed_kt":11.0,"wind_speed_mph":12.7,"wind_gust_kt":null,"wind_gust_mph":null,"visibility_mi":null,"altimeter_inhg":30.25,"weather":null,"raw_metar":"METAR KDEN 210353Z 17011KT 10SM FEW110 FEW220 24/09 A3025 RMK AO2 SLP157 T02440089","network":"METAR","source":"Aviation Weather Center"}},{"type":"Feature","geometry":{"type":"Point","coordinates":[-95.6513,38.9414]},"properties":{"station":"KFOE","observation_time":"2026-08-21T03:53:00Z","age_hours":0.07,"temp_c":21.7,"temp_f":71.1,"dewpoint_c":20.6,"dewpoint_f":69.1,"relative_humidity":93.5,"wind_direction":null,"wind_speed_kt":null,"wind_speed_mph":null,"wind_gust_kt":null,"wind_gust_mph":null,"visibility_mi":null,"altimeter_inhg":30.07,"weather":null,"raw_metar":"METAR KFOE 210353Z AUTO 10SM CLR 22/21 A3007 RMK AO2 SLP173 T02170206 $","network":"METAR","source":"Aviation Weather Center"}},{"type":"Feature","geometry":{"type":"Point","coordinates":[-104.8081,41.1579]},"properties":{"station":"KCYS","observation_time":"2026-08-21T03:53:00Z","age_hours":0.07,"temp_c":22.8,"temp_f":73.0,"dewpoint_c":10.0,"dewpoint_f":50.0,"relative_humidity":44.3,"wind_direction":160.0,"wind_speed_kt":7.0,"wind_speed_mph":8.1,"wind_gust_kt":null,"wind_gust_mph":null,"visibility_mi":null,"altimeter_inhg":30.3,"weather":null,"raw_metar":"METAR KCYS 210353Z 16007KT 10SM CLR 23/10 A3030 RMK AO2 SLP158 T02280100","network":"METAR","source":"Aviation Weather Center"}},{"type":"Feature","geometry":{"type":"Point","coordinates":[-104.1585,42.0613]},"properties":{"station":"KTOR","observation_time":"2026-08-21T03:53:00Z","age_hours":0.07,"temp_c":22.2,"temp_f":72.0,"dewpoint_c":12.8,"dewpoint_f":55.0,"relative_humidity":55.2,"wind_direction":90.0,"wind_speed_kt":10.0,"wind_speed_mph":11.5,"wind_gust_kt":null,"wind_gust_mph":null,"visibility_mi":null,"altimeter_inhg":30.13,"weather":null,"raw_metar":"METAR KTOR 210353Z AUTO 09010KT 10SM CLR 22/13 A3013 RMK AO2 SLP156 T02220128","network":"METAR","source":"Aviation Weather Center"}},{"type":"Feature","geometry":{"type":"Point","coordinates":[-102.6875,38.0718]},"properties":{"station":"KLAA","observation_time":"2026-08-21T03:53:00Z","age_hours":0.07,"temp_c":27.2,"temp_f":81.0,"dewpoint_c":15.0,"dewpoint_f":59.0,"relative_humidity":47.3,"wind_direction":150.0,"wind_speed_kt":8.0,"wind_speed_mph":9.2,"wind_gust_kt":null,"wind_gust_mph":null,"visibility_mi":null,"altimeter_inhg":30.12,"weather":null,"raw_metar":"METAR KLAA 210353Z AUTO 15008KT 10SM CLR 27/15 A3012 RMK AO2 SLP140 T02720150 $","network":"METAR","source":"Aviation Weather Center"}},{"type":"Feature","geometry":{"type":"Point","coordinates":[-100.2864,44.3819]},"properties":{"station":"KPIR","observation_time":"2026-08-21T03:53:00Z","age_hours":0.07,"temp_c":20.6,"temp_f":69.1,"dewpoint_c":14.4,"dewpoint_f":57.9,"relative_humidity":67.6,"wind_direction":170.0,"wind_speed_kt":5.0,"wind_speed_mph":5.8,"wind_gust_kt":null,"wind_gust_mph":null,"visibility_mi":null,"altimeter_inhg":30.0,"weather":null,"raw_metar":"METAR KPIR 210353Z AUTO 17005KT 10SM CLR 21/14 A3000 RMK AO2 SLP145 T02060144","network":"METAR","source":"Aviation Weather Center"}},{"type":"Feature","geometry":{"type":"Point","coordinates":[-95.781,43.9905]},"properties":{"station":"KDVP","observation_time":"2026-08-21T03:53:00Z","age_hours":0.07,"temp_c":20.8,"temp_f":69.4,"dewpoint_c":19.8,"dewpoint_f":67.6,"relative_humidity":94.0,"wind_direction":250.0,"wind_speed_kt":6.0,"wind_speed_mph":6.9,"wind_gust_kt":null,"wind_gust_mph":null,"visibility_mi":null,"altimeter_inhg":30.01,"weather":null,"raw_metar":"METAR KDVP 210353Z AUTO 25006KT 10SM SCT100 21/20 A3001 RMK AO2 LTG DSNT NE T02080198","network":"METAR","source":"Aviation Weather Center"}},{"type":"Feature","geometry":{"type":"Point","coordinates":[-97.1024,36.7369]},"properties":{"station":"KPNC","observation_time":"2026-08-21T03:53:00Z","age_hours":0.07,"temp_c":30.6,"temp_f":87.1,"dewpoint_c":16.1,"dewpoint_f":61.0,"relative_humidity":41.6,"wind_direction":70.0,"wind_speed_kt":10.0,"wind_speed_mph":11.5,"wind_gust_kt":null,"wind_gust_mph":null,"visibility_mi":null,"altimeter_inhg":29.99,"weather":null,"raw_metar":"METAR KPNC 210353Z AUTO 07010KT 10SM CLR 31/16 A2999 RMK AO2 SLP138 T03060161","network":"METAR","source":"Aviation Weather Center"}},{"type":"Feature","geometry":{"type":"Point","coordinates":[-104.5076,36.7418]},"properties":{"station":"KRTN","observation_time":"2026-08-21T03:53:00Z","age_hours":0.07,"temp_c":21.1,"temp_f":70.0,"dewpoint_c":8.3,"dewpoint_f":46.9,"relative_humidity":43.8,"wind_direction":30.0,"wind_speed_kt":6.0,"wind_speed_mph":6.9,"wind_gust_kt":null,"wind_gust_mph":null,"visibility_mi":null,"altimeter_inhg":30.4,"weather":null,"raw_metar":"METAR KRTN 210353Z AUTO 03006KT 10SM CLR 21/08 A3040 RMK AO2 SLP198 T02110083","network":"METAR","source":"Aviation Weather Center"}},{"type":"Feature","geometry":{"type":"Point","coordinates":[-98.8093,38.8725]},"properties":{"station":"KRSL","observation_time":"2026-08-21T03:53:00Z","age_hours":0.07,"temp_c":24.4,"temp_f":75.9,"dewpoint_c":20.6,"dewpoint_f":69.1,"relative_humidity":79.4,"wind_direction":70.0,"wind_speed_kt":7.0,"wind_speed_mph":8.1,"wind_gust_kt":null,"wind_gust_mph":null,"visibility_mi":null,"altimeter_inhg":30.06,"weather":null,"raw_metar":"METAR KRSL 210353Z AUTO 07007KT 10SM CLR 24/21 A3006 RMK AO2 SLP162 T02440206","network":"METAR","source":"Aviation Weather Center"}},{"type":"Feature","geometry":{"type":"Point","coordinates":[-95.626,39.0725]},"properties":{"station":"KTOP","observation_time":"2026-08-21T03:53:00Z","age_hours":0.07,"temp_c":22.8,"temp_f":73.0,"dewpoint_c":21.1,"dewpoint_f":70.0,"relative_humidity":90.1,"wind_direction":80.0,"wind_speed_kt":3.0,"wind_speed_mph":3.5,"wind_gust_kt":null,"wind_gust_mph":null,"visibility_mi":null,"altimeter_inhg":30.06,"weather":null,"raw_metar":"METAR KTOP 210353Z AUTO 08003KT 10SM CLR 23/21 A3006 RMK AO2 SLP172 T02280211","network":"METAR","source":"Aviation Weather Center"}},{"type":"Feature","geometry":{"type":"Point","coordinates":[-105.5416,44.3398]},"properties":{"station":"KGCC","observation_time":"2026-08-21T03:53:00Z","age_hours":0.07,"temp_c":20.0,"temp_f":68.0,"dewpoint_c":3.3,"dewpoint_f":37.9,"relative_humidity":33.2,"wind_direction":0.0,"wind_speed_kt":0.0,"wind_speed_mph":0.0,"wind_gust_kt":null,"wind_gust_mph":null,"visibility_mi":null,"altimeter_inhg":30.16,"weather":null,"raw_metar":"METAR KGCC 210353Z AUTO 00000KT 10SM CLR 20/03 A3016 RMK AO2 SLP166 T02000033","network":"METAR","source":"Aviation Weather Center"}},{"type":"Feature","geometry":{"type":"Point","coordinates":[-95.2101,43.1682]},"properties":{"station":"KSPW","observation_time":"2026-08-21T03:53:00Z","age_hours":0.07,"temp_c":21.7,"temp_f":71.1,"dewpoint_c":18.9,"dewpoint_f":66.0,"relative_humidity":84.1,"wind_direction":220.0,"wind_speed_kt":7.0,"wind_speed_mph":8.1,"wind_gust_kt":null,"wind_gust_mph":null,"visibility_mi":null,"altimeter_inhg":29.99,"weather":null,"raw_metar":"METAR KSPW 210353Z AUTO 22007KT 10SM CLR 22/19 A2999 RMK AO2 SLP147 T02170189","network":"METAR","source":"Aviation Weather Center"}},{"type":"Feature","geometry":{"type":"Point","coordinates":[-104.5057,38.2887]},"properties":{"station":"KPUB","observation_time":"2026-08-21T03:53:00Z","age_hours":0.07,"temp_c":21.7,"temp_f":71.1,"dewpoint_c":12.2,"dewpoint_f":54.0,"relative_humidity":54.8,"wind_direction":250.0,"wind_speed_kt":6.0,"wind_speed_mph":6.9,"wind_gust_kt":null,"wind_gust_mph":null,"visibility_mi":null,"altimeter_inhg":30.23,"weather":null,"raw_metar":"METAR KPUB 210353Z 25006KT 10SM CLR 22/12 A3023 RMK AO2 SLP173 T02170122","network":"METAR","source":"Aviation Weather Center"}},{"type":"Feature","geometry":{"type":"Point","coordinates":[-97.6446,38.78]},"properties":{"station":"KSLN","observation_time":"2026-08-21T03:53:00Z","age_hours":0.07,"temp_c":26.7,"temp_f":80.1,"dewpoint_c":20.6,"dewpoint_f":69.1,"relative_humidity":69.3,"wind_direction":120.0,"wind_speed_kt":8.0,"wind_speed_mph":9.2,"wind_gust_kt":null,"wind_gust_mph":null,"visibility_mi":null,"altimeter_inhg":30.05,"weather":null,"raw_metar":"METAR KSLN 210353Z 12008KT 10SM CLR 27/21 A3005 RMK AO2 SLP163 T02670206","network":"METAR","source":"Aviation Weather Center"}},{"type":"Feature","geometry":{"type":"Point","coordinates":[-101.6932,39.3673]},"properties":{"station":"KGLD","observation_time":"2026-08-21T03:53:00Z","age_hours":0.07,"temp_c":25.0,"temp_f":77.0,"dewpoint_c":18.3,"dewpoint_f":64.9,"relative_humidity":66.4,"wind_direction":130.0,"wind_speed_kt":10.0,"wind_speed_mph":11.5,"wind_gust_kt":null,"wind_gust_mph":null,"visibility_mi":null,"altimeter_inhg":30.13,"weather":null,"raw_metar":"METAR KGLD 210353Z AUTO 13010KT 10SM CLR 25/18 A3013 RMK AO2 SLP157 T02500183","network":"METAR","source":"Aviation Weather Center"}},{"type":"Feature","geometry":{"type":"Point","coordinates":[-100.5904,40.204]},"properties":{"station":"KMCK","observation_time":"2026-08-21T03:53:00Z","age_hours":0.07,"temp_c":18.9,"temp_f":66.0,"dewpoint_c":16.1,"dewpoint_f":61.0,"relative_humidity":83.8,"wind_direction":200.0,"wind_speed_kt":8.0,"wind_speed_mph":9.2,"wind_gust_kt":null,"wind_gust_mph":null,"visibility_mi":null,"altimeter_inhg":30.13,"weather":"VCTS","raw_metar":"METAR KMCK 210353Z AUTO 20008KT 10SM VCTS FEW036 SCT120 19/16 A3013 RMK AO2 PK WND 09028/0257 LTG DSNT SE-SW RAE41 TSE52 SLP185 P0041 T01890161","network":"METAR","source":"Aviation Weather Center"}},{"type":"Feature","geometry":{"type":"Point","coordinates":[-105.38,42.796]},"properties":{"station":"KDGW","observation_time":"2026-08-21T03:53:00Z","age_hours":0.07,"temp_c":23.3,"temp_f":73.9,"dewpoint_c":8.9,"dewpoint_f":48.0,"relative_humidity":39.9,"wind_direction":130.0,"wind_speed_kt":6.0,"wind_speed_mph":6.9,"wind_gust_kt":null,"wind_gust_mph":null,"visibility_mi":null,"altimeter_inhg":30.15,"weather":null,"raw_metar":"METAR KDGW 210353Z AUTO 13006KT 10SM CLR 23/09 A3015 RMK AO2 SLP145 T02330089 $","network":"METAR","source":"Aviation Weather Center"}},{"type":"Feature","geometry":{"type":"Point","coordinates":[-105.8834,46.4265]},"properties":{"station":"KMLS","observation_time":"2026-08-21T03:53:00Z","age_hours":0.07,"temp_c":24.4,"temp_f":75.9,"dewpoint_c":7.8,"dewpoint_f":46.0,"relative_humidity":34.6,"wind_direction":100.0,"wind_speed_kt":4.0,"wind_speed_mph":4.6,"wind_gust_kt":null,"wind_gust_mph":null,"visibility_mi":null,"altimeter_inhg":30.04,"weather":null,"raw_metar":"METAR KMLS 210353Z AUTO 10004KT 10SM CLR 24/08 A3004 RMK AO2 SLP153 T02440078","network":"METAR","source":"Aviation Weather Center"}},{"type":"Feature","geometry":{"type":"Point","coordinates":[-98.0384,43.7743]},"properties":{"station":"KMHE","observation_time":"2026-08-21T03:53:00Z","age_hours":0.07,"temp_c":21.1,"temp_f":70.0,"dewpoint_c":19.4,"dewpoint_f":66.9,"relative_humidity":90.0,"wind_direction":140.0,"wind_speed_kt":4.0,"wind_speed_mph":4.6,"wind_gust_kt":null,"wind_gust_mph":null,"visibility_mi":null,"altimeter_inhg":29.99,"weather":null,"raw_metar":"METAR KMHE 210353Z AUTO 14004KT 10SM CLR 21/19 A2999 RMK AO2 SLP147 T02110194","network":"METAR","source":"Aviation Weather Center"}},{"type":"Feature","geometry":{"type":"Point","coordinates":[-98.4138,45.4436]},"properties":{"station":"KABR","observation_time":"2026-08-21T03:53:00Z","age_hours":0.07,"temp_c":20.0,"temp_f":68.0,"dewpoint_c":17.8,"dewpoint_f":64.0,"relative_humidity":87.2,"wind_direction":30.0,"wind_speed_kt":4.0,"wind_speed_mph":4.6,"wind_gust_kt":null,"wind_gust_mph":null,"visibility_mi":null,"altimeter_inhg":29.98,"weather":null,"raw_metar":"METAR KABR 210353Z AUTO 03004KT 10SM CLR 20/18 A2998 RMK AO2 SLP145 T02000178","network":"METAR","source":"Aviation Weather Center"}},{"type":"Feature","geometry":{"type":"Point","coordinates":[-98.4264,40.6002]},"properties":{"station":"KHSI","observation_time":"2026-08-21T03:53:00Z","age_hours":0.07,"temp_c":23.3,"temp_f":73.9,"dewpoint_c":19.4,"dewpoint_f":66.9,"relative_humidity":78.7,"wind_direction":100.0,"wind_speed_kt":5.0,"wind_speed_mph":5.8,"wind_gust_kt":null,"wind_gust_mph":null,"visibility_mi":null,"altimeter_inhg":30.09,"weather":null,"raw_metar":"METAR KHSI 210353Z AUTO 10005KT 10SM CLR 23/19 A3009 RMK AO2 SLP175 T02330194","network":"METAR","source":"Aviation Weather Center"}},{"type":"Feature","geometry":{"type":"Point","coordinates":[-98.313,40.9615]},"properties":{"station":"KGRI","observation_time":"2026-08-21T03:53:00Z","age_hours":0.07,"temp_c":22.8,"temp_f":73.0,"dewpoint_c":20.0,"dewpoint_f":68.0,"relative_humidity":84.2,"wind_direction":160.0,"wind_speed_kt":7.0,"wind_speed_mph":8.1,"wind_gust_kt":null,"wind_gust_mph":null,"visibility_mi":null,"altimeter_inhg":30.05,"weather":null,"raw_metar":"METAR KGRI 210353Z AUTO 16007KT 10SM CLR 23/20 A3005 RMK AO2 SLP167 T02280200","network":"METAR","source":"Aviation Weather Center"}},{"type":"Feature","geometry":{"type":"Point","coordinates":[-96.1945,38.3291]},"properties":{"station":"KEMP","observation_time":"2026-08-21T03:53:00Z","age_hours":0.07,"temp_c":23.3,"temp_f":73.9,"dewpoint_c":18.9,"dewpoint_f":66.0,"relative_humidity":76.3,"wind_direction":120.0,"wind_speed_kt":4.0,"wind_speed_mph":4.6,"wind_gust_kt":null,"wind_gust_mph":null,"visibility_mi":null,"altimeter_inhg":30.07,"weather":null,"raw_metar":"METAR KEMP 210353Z AUTO 12004KT 10SM CLR 23/19 A3007 RMK AO2 SLP171 T02330189","network":"METAR","source":"Aviation Weather Center"}},{"type":"Feature","geometry":{"type":"Point","coordinates":[-103.6011,41.8747]},"properties":{"station":"KBFF","observation_time":"2026-08-21T03:53:00Z","age_hours":0.07,"temp_c":21.1,"temp_f":70.0,"dewpoint_c":14.4,"dewpoint_f":57.9,"relative_humidity":65.6,"wind_direction":100.0,"wind_speed_kt":8.0,"wind_speed_mph":9.2,"wind_gust_kt":null,"wind_gust_mph":null,"visibility_mi":null,"altimeter_inhg":30.13,"weather":null,"raw_metar":"METAR KBFF 210353Z AUTO 10008KT 10SM CLR 21/14 A3013 RMK AO2 SLP160 T02110144","network":"METAR","source":"Aviation Weather Center"}},{"type":"Feature","geometry":{"type":"Point","coordinates":[-98.9489,41.6234]},"properties":{"station":"KODX","observation_time":"2026-08-21T03:53:00Z","age_hours":0.07,"temp_c":21.1,"temp_f":70.0,"dewpoint_c":18.9,"dewpoint_f":66.0,"relative_humidity":87.3,"wind_direction":200.0,"wind_speed_kt":4.0,"wind_speed_mph":4.6,"wind_gust_kt":null,"wind_gust_mph":null,"visibility_mi":null,"altimeter_inhg":30.05,"weather":null,"raw_metar":"METAR KODX 210353Z AUTO 20004KT 10SM CLR 21/19 A3005 RMK AO2 SLP168 T02110189","network":"METAR","source":"Aviation Weather Center"}},{"type":"Feature","geometry":{"type":"Point","coordinates":[-97.43,37.6475]},"properties":{"station":"KICT","observation_time":"2026-08-21T03:53:00Z","age_hours":0.07,"temp_c":28.3,"temp_f":82.9,"dewpoint_c":17.8,"dewpoint_f":64.0,"relative_humidity":53.0,"wind_direction":90.0,"wind_speed_kt":11.0,"wind_speed_mph":12.7,"wind_gust_kt":null,"wind_gust_mph":null,"visibility_mi":null,"altimeter_inhg":30.04,"weather":null,"raw_metar":"METAR KICT 210353Z 09011KT 10SM FEW160 SCT250 28/18 A3004 RMK AO2 SLP156 T02830178","network":"METAR","source":"Aviation Weather Center"}},{"type":"Feature","geometry":{"type":"Point","coordinates":[-99.8462,43.391]},"properties":{"station":"KICR","observation_time":"2026-08-21T03:53:00Z","age_hours":0.07,"temp_c":21.7,"temp_f":71.1,"dewpoint_c":16.7,"dewpoint_f":62.1,"relative_humidity":73.2,"wind_direction":0.0,"wind_speed_kt":0.0,"wind_speed_mph":0.0,"wind_gust_kt":null,"wind_gust_mph":null,"visibility_mi":null,"altimeter_inhg":30.05,"weather":null,"raw_metar":"METAR KICR 210353Z AUTO 00000KT 10SM CLR 22/17 A3005 RMK AO2 SLP160 T02170167","network":"METAR","source":"Aviation Weather Center"}},{"type":"Feature","geometry":{"type":"Point","coordinates":[-99.6385,41.4365]},"properties":{"station":"KBBW","observation_time":"2026-08-21T03:53:00Z","age_hours":0.07,"temp_c":17.2,"temp_f":63.0,"dewpoint_c":16.1,"dewpoint_f":61.0,"relative_humidity":93.3,"wind_direction":0.0,"wind_speed_kt":0.0,"wind_speed_mph":0.0,"wind_gust_kt":null,"wind_gust_mph":null,"visibility_mi":null,"altimeter_inhg":30.08,"weather":null,"raw_metar":"METAR KBBW 210353Z AUTO 00000KT 10SM CLR 17/16 A3008 RMK AO2 SLP168 T01720161 $","network":"METAR","source":"Aviation Weather Center"}},{"type":"Feature","geometry":{"type":"Point","coordinates":[-97.1496,44.9045]},"properties":{"station":"KATY","observation_time":"2026-08-21T03:53:00Z","age_hours":0.07,"temp_c":19.4,"temp_f":66.9,"dewpoint_c":17.2,"dewpoint_f":63.0,"relative_humidity":87.1,"wind_direction":0.0,"wind_speed_kt":0.0,"wind_speed_mph":0.0,"wind_gust_kt":null,"wind_gust_mph":null,"visibility_mi":null,"altimeter_inhg":29.99,"weather":null,"raw_metar":"METAR KATY 210353Z AUTO 00000KT 10SM CLR 19/17 A2999 RMK AO2 SLP147 T01940172","network":"METAR","source":"Aviation Weather Center"}},{"type":"Feature","geometry":{"type":"Point","coordinates":[-104.8484,39.5599]},"properties":{"station":"KAPA","observation_time":"2026-08-21T03:53:00Z","age_hours":0.07,"temp_c":24.4,"temp_f":75.9,"dewpoint_c":9.4,"dewpoint_f":48.9,"relative_humidity":38.6,"wind_direction":210.0,"wind_speed_kt":6.0,"wind_speed_mph":6.9,"wind_gust_kt":null,"wind_gust_mph":null,"visibility_mi":null,"altimeter_inhg":30.29,"weather":null,"raw_metar":"METAR KAPA 210353Z 21006KT 10SM FEW110 SCT220 24/09 A3029 RMK AO2 SLP177 T02440094","network":"METAR","source":"Aviation Weather Center"}},{"type":"Feature","geometry":{"type":"Point","coordinates":[-103.2146,40.1743]},"properties":{"station":"KAKO","observation_time":"2026-08-21T03:53:00Z","age_hours":0.07,"temp_c":23.3,"temp_f":73.9,"dewpoint_c":12.8,"dewpoint_f":55.0,"relative_humidity":51.7,"wind_direction":160.0,"wind_speed_kt":4.0,"wind_speed_mph":4.6,"wind_gust_kt":null,"wind_gust_mph":null,"visibility_mi":null,"altimeter_inhg":30.22,"weather":null,"raw_metar":"METAR KAKO 210353Z AUTO 16004KT 10SM CLR 23/13 A3022 RMK AO2 SLP173 T02330128","network":"METAR","source":"Aviation Weather Center"}},{"type":"Feature","geometry":{"type":"Point","coordinates":[-102.8017,42.0573]},"properties":{"station":"KAIA","observation_time":"2026-08-21T03:53:00Z","age_hours":0.07,"temp_c":21.7,"temp_f":71.1,"dewpoint_c":13.9,"dewpoint_f":57.0,"relative_humidity":61.2,"wind_direction":110.0,"wind_speed_kt":10.0,"wind_speed_mph":11.5,"wind_gust_kt":null,"wind_gust_mph":null,"visibility_mi":null,"altimeter_inhg":30.14,"weather":null,"raw_metar":"METAR KAIA 210353Z AUTO 11010KT 10SM CLR 22/14 A3014 RMK AO2 SLP159 T02170139","network":"METAR","source":"Aviation Weather Center"}},{"type":"Feature","geometry":{"type":"Point","coordinates":[-103.0981,42.8374]},"properties":{"station":"KCDR","observation_time":"2026-08-21T03:53:00Z","age_hours":0.07,"temp_c":22.8,"temp_f":73.0,"dewpoint_c":10.6,"dewpoint_f":51.1,"relative_humidity":46.1,"wind_direction":360.0,"wind_speed_kt":3.0,"wind_speed_mph":3.5,"wind_gust_kt":null,"wind_gust_mph":null,"visibility_mi":null,"altimeter_inhg":30.1,"weather":null,"raw_metar":"METAR KCDR 210353Z AUTO 36003KT 10SM CLR 23/11 A3010 RMK AO2 SLP166 T02280106","network":"METAR","source":"Aviation Weather Center"}},{"type":"Feature","geometry":{"type":"Point","coordinates":[-95.5893,40.0791]},"properties":{"station":"KFNB","observation_time":"2026-08-21T03:53:00Z","age_hours":0.07,"temp_c":22.8,"temp_f":73.0,"dewpoint_c":20.0,"dewpoint_f":68.0,"relative_humidity":84.2,"wind_direction":170.0,"wind_speed_kt":4.0,"wind_speed_mph":4.6,"wind_gust_kt":null,"wind_gust_mph":null,"visibility_mi":null,"altimeter_inhg":30.06,"weather":null,"raw_metar":"METAR KFNB 210353Z AUTO 17004KT 10SM CLR 23/20 A3006 RMK AO2 SLP171 T02280200","network":"METAR","source":"Aviation Weather Center"}},{"type":"Feature","geometry":{"type":"Point","coordinates":[-100.6689,41.122]},"properties":{"station":"KLBF","observation_time":"2026-08-21T03:53:00Z","age_hours":0.07,"temp_c":23.3,"temp_f":73.9,"dewpoint_c":18.3,"dewpoint_f":64.9,"relative_humidity":73.5,"wind_direction":170.0,"wind_speed_kt":11.0,"wind_speed_mph":12.7,"wind_gust_kt":17.0,"wind_gust_mph":19.6,"visibility_mi":null,"altimeter_inhg":30.09,"weather":null,"raw_metar":"METAR KLBF 210353Z AUTO 17011G17KT 10SM CLR 23/18 A3009 RMK AO2 SLP164 T02330183","network":"METAR","source":"Aviation Weather Center"}},{"type":"Feature","geometry":{"type":"Point","coordinates":[-105.6729,41.3165]},"properties":{"station":"KLAR","observation_time":"2026-08-21T03:53:00Z","age_hours":0.07,"temp_c":20.6,"temp_f":69.1,"dewpoint_c":5.6,"dewpoint_f":42.1,"relative_humidity":37.5,"wind_direction":350.0,"wind_speed_kt":9.0,"wind_speed_mph":10.4,"wind_gust_kt":31.0,"wind_gust_mph":35.7,"visibility_mi":null,"altimeter_inhg":30.43,"weather":null,"raw_metar":"METAR KLAR 210353Z AUTO 35009G31KT 10SM BKN110 21/06 A3043 RMK AO2 PK WND 30049/0338 SLP182 T02060056","network":"METAR","source":"Aviation Weather Center"}},{"type":"Feature","geometry":{"type":"Point","coordinates":[-103.5134,38.0495]},"properties":{"station":"KLHX","observation_time":"2026-08-21T03:53:00Z","age_hours":0.07,"temp_c":27.8,"temp_f":82.0,"dewpoint_c":13.3,"dewpoint_f":55.9,"relative_humidity":40.9,"wind_direction":140.0,"wind_speed_kt":6.0,"wind_speed_mph":6.9,"wind_gust_kt":null,"wind_gust_mph":null,"visibility_mi":null,"altimeter_inhg":30.17,"weather":null,"raw_metar":"METAR KLHX 210353Z AUTO 14006KT 10SM CLR 28/13 A3017 RMK AO2 SLP144 T02780133","network":"METAR","source":"Aviation Weather Center"}},{"type":"Feature","geometry":{"type":"Point","coordinates":[-102.2819,39.2415]},"properties":{"station":"KITR","observation_time":"2026-08-21T03:53:00Z","age_hours":0.07,"temp_c":22.2,"temp_f":72.0,"dewpoint_c":17.2,"dewpoint_f":63.0,"relative_humidity":73.3,"wind_direction":140.0,"wind_speed_kt":7.0,"wind_speed_mph":8.1,"wind_gust_kt":null,"wind_gust_mph":null,"visibility_mi":null,"altimeter_inhg":30.18,"weather":null,"raw_metar":"METAR KITR 210353Z AUTO 14007KT 10SM CLR 22/17 A3018 RMK AO2 SLP165 T02220172","network":"METAR","source":"Aviation Weather Center"}},{"type":"Feature","geometry":{"type":"Point","coordinates":[-95.394,45.868]},"properties":{"station":"KAXN","observation_time":"2026-08-21T03:53:00Z","age_hours":0.07,"temp_c":20.0,"temp_f":68.0,"dewpoint_c":18.3,"dewpoint_f":64.9,"relative_humidity":89.9,"wind_direction":240.0,"wind_speed_kt":5.0,"wind_speed_mph":5.8,"wind_gust_kt":null,"wind_gust_mph":null,"visibility_mi":null,"altimeter_inhg":29.96,"weather":null,"raw_metar":"METAR KAXN 210353Z AUTO 24005KT 10SM OVC085 20/18 A2996 RMK AO2 SLP142 T02000183","network":"METAR","source":"Aviation Weather Center"}},{"type":"Feature","geometry":{"type":"Point","coordinates":[-100.723,37.9221]},"properties":{"station":"KGCK","observation_time":"2026-08-21T03:54:00Z","age_hours":0.06,"temp_c":26.7,"temp_f":80.1,"dewpoint_c":16.7,"dewpoint_f":62.1,"relative_humidity":54.3,"wind_direction":90.0,"wind_speed_kt":9.0,"wind_speed_mph":10.4,"wind_gust_kt":null,"wind_gust_mph":null,"visibility_mi":9.0,"altimeter_inhg":30.11,"weather":null,"raw_metar":"METAR KGCK 210354Z AUTO 09009KT 9SM CLR 27/17 A3011 RMK AO2 SLP154 T02670167","network":"METAR","source":"Aviation Weather Center"}},{"type":"Feature","geometry":{"type":"Point","coordinates":[-97.2191,37.7497]},"properties":{"station":"KAAO","observation_time":"2026-08-21T03:54:00Z","age_hours":0.06,"temp_c":25.0,"temp_f":77.0,"dewpoint_c":18.3,"dewpoint_f":64.9,"relative_humidity":66.4,"wind_direction":80.0,"wind_speed_kt":6.0,"wind_speed_mph":6.9,"wind_gust_kt":null,"wind_gust_mph":null,"visibility_mi":null,"altimeter_inhg":30.06,"weather":null,"raw_metar":"METAR KAAO 210354Z AUTO 08006KT 10SM CLR 25/18 A3006 RMK AO2 SLP163 T02500183 TSNO","network":"METAR","source":"Aviation Weather Center"}},{"type":"Feature","geometry":{"type":"Point","coordinates":[-97.0349,37.1649]},"properties":{"station":"KWLD","observation_time":"2026-08-21T03:54:00Z","age_hours":0.06,"temp_c":28.9,"temp_f":84.0,"dewpoint_c":16.7,"dewpoint_f":62.1,"relative_humidity":47.7,"wind_direction":80.0,"wind_speed_kt":8.0,"wind_speed_mph":9.2,"wind_gust_kt":null,"wind_gust_mph":null,"visibility_mi":null,"altimeter_inhg":30.03,"weather":null,"raw_metar":"METAR KWLD 210354Z AUTO 08008KT 10SM CLR 29/17 A3003 RMK AO2 SLP152 T02890167","network":"METAR","source":"Aviation Weather Center"}},{"type":"Feature","geometry":{"type":"Point","coordinates":[-104.6887,38.8095]},"properties":{"station":"KCOS","observation_time":"2026-08-21T03:54:00Z","age_hours":0.06,"temp_c":20.6,"temp_f":69.1,"dewpoint_c":12.2,"dewpoint_f":54.0,"relative_humidity":58.6,"wind_direction":330.0,"wind_speed_kt":4.0,"wind_speed_mph":4.6,"wind_gust_kt":null,"wind_gust_mph":null,"visibility_mi":null,"altimeter_inhg":30.36,"weather":null,"raw_metar":"METAR KCOS 210354Z 33004KT 10SM FEW055 SCT100 BKN200 21/12 A3036 RMK AO2 SLP179 T02060122 $","network":"METAR","source":"Aviation Weather Center"}},{"type":"Feature","geometry":{"type":"Point","coordinates":[-104.3319,37.2618]},"properties":{"station":"KTAD","observation_time":"2026-08-21T03:54:00Z","age_hours":0.06,"temp_c":24.4,"temp_f":75.9,"dewpoint_c":7.2,"dewpoint_f":45.0,"relative_humidity":33.3,"wind_direction":0.0,"wind_speed_kt":0.0,"wind_speed_mph":0.0,"wind_gust_kt":null,"wind_gust_mph":null,"visibility_mi":null,"altimeter_inhg":30.3,"weather":null,"raw_metar":"METAR KTAD 210354Z AUTO 00000KT 10SM CLR 24/07 A3030 RMK AO2 SLP166 T02440072","network":"METAR","source":"Aviation Weather Center"}},{"type":"Feature","geometry":{"type":"Point","coordinates":[-96.1797,41.763]},"properties":{"station":"KTQE","observation_time":"2026-08-21T03:54:00Z","age_hours":0.06,"temp_c":20.0,"temp_f":68.0,"dewpoint_c":19.4,"dewpoint_f":66.9,"relative_humidity":96.3,"wind_direction":90.0,"wind_speed_kt":7.0,"wind_speed_mph":8.1,"wind_gust_kt":null,"wind_gust_mph":null,"visibility_mi":6.0,"altimeter_inhg":30.01,"weather":"BR","raw_metar":"METAR KTQE 210354Z AUTO 09007KT 6SM BR CLR 20/19 A3001 RMK AO2 SLP151 T02000194","network":"METAR","source":"Aviation Weather Center"}},{"type":"Feature","geometry":{"type":"Point","coordinates":[-96.7647,40.8478]},"properties":{"station":"KLNK","observation_time":"2026-08-21T03:54:00Z","age_hours":0.06,"temp_c":22.2,"temp_f":72.0,"dewpoint_c":20.0,"dewpoint_f":68.0,"relative_humidity":87.4,"wind_direction":170.0,"wind_speed_kt":4.0,"wind_speed_mph":4.6,"wind_gust_kt":null,"wind_gust_mph":null,"visibility_mi":null,"altimeter_inhg":30.04,"weather":null,"raw_metar":"METAR KLNK 210354Z 17004KT 10SM CLR 22/20 A3004 RMK AO2 SLP163 T02220200","network":"METAR","source":"Aviation Weather Center"}},{"type":"Feature","geometry":{"type":"Point","coordinates":[-95.1258,45.1111]},"properties":{"station":"KBDH","observation_time":"2026-08-21T03:55:00Z","age_hours":0.04,"temp_c":19.0,"temp_f":66.2,"dewpoint_c":19.0,"dewpoint_f":66.2,"relative_humidity":100.0,"wind_direction":210.0,"wind_speed_kt":5.0,"wind_speed_mph":5.8,"wind_gust_kt":null,"wind_gust_mph":null,"visibility_mi":null,"altimeter_inhg":29.95,"weather":null,"raw_metar":"METAR KBDH 210355Z AUTO 21005KT 10SM CLR 19/19 A2995 RMK AO2","network":"METAR","source":"Aviation Weather Center"}},{"type":"Feature","geometry":{"type":"Point","coordinates":[-96.2977,43.9854]},"properties":{"station":"KPQN","observation_time":"2026-08-21T03:55:00Z","age_hours":0.04,"temp_c":19.0,"temp_f":66.2,"dewpoint_c":19.0,"dewpoint_f":66.2,"relative_humidity":100.0,"wind_direction":260.0,"wind_speed_kt":3.0,"wind_speed_mph":3.5,"wind_gust_kt":null,"wind_gust_mph":null,"visibility_mi":null,"altimeter_inhg":30.0,"weather":null,"raw_metar":"METAR KPQN 210355Z AUTO 26003KT 10SM CLR 19/19 A3000 RMK AO2 T01900190","network":"METAR","source":"Aviation Weather Center"}},{"type":"Feature","geometry":{"type":"Point","coordinates":[-96.1534,46.2865]},"properties":{"station":"KFFM","observation_time":"2026-08-21T03:55:00Z","age_hours":0.04,"temp_c":20.0,"temp_f":68.0,"dewpoint_c":14.0,"dewpoint_f":57.2,"relative_humidity":68.4,"wind_direction":360.0,"wind_speed_kt":6.0,"wind_speed_mph":6.9,"wind_gust_kt":null,"wind_gust_mph":null,"visibility_mi":null,"altimeter_inhg":29.94,"weather":null,"raw_metar":"METAR KFFM 210355Z AUTO 36006KT 10SM CLR 20/14 A2994 RMK AO2","network":"METAR","source":"Aviation Weather Center"}},{"type":"Feature","geometry":{"type":"Point","coordinates":[-98.7957,39.7606]},"properties":{"station":"KK82","observation_time":"2026-08-21T03:55:00Z","age_hours":0.04,"temp_c":25.2,"temp_f":77.4,"dewpoint_c":20.0,"dewpoint_f":68.0,"relative_humidity":72.9,"wind_direction":190.0,"wind_speed_kt":13.0,"wind_speed_mph":15.0,"wind_gust_kt":18.0,"wind_gust_mph":20.7,"visibility_mi":null,"altimeter_inhg":30.01,"weather":null,"raw_metar":"METAR KK82 210355Z AUTO 19013G18KT 10SM CLR 25/20 A3001 RMK AO2 T02520200","network":"METAR","source":"Aviation Weather Center"}},{"type":"Feature","geometry":{"type":"Point","coordinates":[-96.2139,43.6217]},"properties":{"station":"KLYV","observation_time":"2026-08-21T03:55:00Z","age_hours":0.04,"temp_c":18.0,"temp_f":64.4,"dewpoint_c":17.0,"dewpoint_f":62.6,"relative_humidity":93.9,"wind_direction":0.0,"wind_speed_kt":0.0,"wind_speed_mph":0.0,"wind_gust_kt":null,"wind_gust_mph":null,"visibility_mi":null,"altimeter_inhg":29.99,"weather":null,"raw_metar":"METAR KLYV 210355Z AUTO 00000KT 10SM CLR 18/17 A2999 RMK AO2","network":"METAR","source":"Aviation Weather Center"}},{"type":"Feature","geometry":{"type":"Point","coordinates":[-97.6396,46.2185]},"properties":{"station":"KGWR","observation_time":"2026-08-21T03:55:00Z","age_hours":0.04,"temp_c":20.0,"temp_f":68.0,"dewpoint_c":14.0,"dewpoint_f":57.2,"relative_humidity":68.4,"wind_direction":350.0,"wind_speed_kt":9.0,"wind_speed_mph":10.4,"wind_gust_kt":null,"wind_gust_mph":null,"visibility_mi":null,"altimeter_inhg":29.98,"weather":null,"raw_metar":"METAR KGWR 210355Z AUTO 35009KT 10SM FEW039 FEW045 SCT050 20/14 A2998 RMK A01","network":"METAR","source":"Aviation Weather Center"}},{"type":"Feature","geometry":{"type":"Point","coordinates":[-95.0304,44.7792]},"properties":{"station":"KOVL","observation_time":"2026-08-21T03:55:00Z","age_hours":0.04,"temp_c":20.0,"temp_f":68.0,"dewpoint_c":18.0,"dewpoint_f":64.4,"relative_humidity":88.3,"wind_direction":210.0,"wind_speed_kt":5.0,"wind_speed_mph":5.8,"wind_gust_kt":null,"wind_gust_mph":null,"visibility_mi":null,"altimeter_inhg":29.96,"weather":null,"raw_metar":"METAR KOVL 210355Z AUTO 21005KT 10SM 20/18 A2996 RMK AO2 LTG DSNT S","network":"METAR","source":"Aviation Weather Center"}},{"type":"Feature","geometry":{"type":"Point","coordinates":[-100.2449,46.219]},"properties":{"station":"K7L2","observation_time":"2026-08-21T03:55:00Z","age_hours":0.04,"temp_c":13.0,"temp_f":55.4,"dewpoint_c":5.0,"dewpoint_f":41.0,"relative_humidity":58.3,"wind_direction":0.0,"wind_speed_kt":0.0,"wind_speed_mph":0.0,"wind_gust_kt":null,"wind_gust_mph":null,"visibility_mi":null,"altimeter_inhg":30.06,"weather":null,"raw_metar":"METAR K7L2 210355Z AUTO 00000KT 10SM CLR 13/05 A3006 RMK AO2","network":"METAR","source":"Aviation Weather Center"}},{"type":"Feature","geometry":{"type":"Point","coordinates":[-98.083,46.1739]},"properties":{"station":"K2D5","observation_time":"2026-08-21T03:55:00Z","age_hours":0.04,"temp_c":19.0,"temp_f":66.2,"dewpoint_c":11.0,"dewpoint_f":51.8,"relative_humidity":59.8,"wind_direction":330.0,"wind_speed_kt":4.0,"wind_speed_mph":4.6,"wind_gust_kt":null,"wind_gust_mph":null,"visibility_mi":null,"altimeter_inhg":30.0,"weather":null,"raw_metar":"METAR K2D5 210355Z AUTO 33004KT FEW060 SCT095 SCT110 19/11 A3000 RMK AO2","network":"METAR","source":"Aviation Weather Center"}},{"type":"Feature","geometry":{"type":"Point","coordinates":[-97.0817,44.0141]},"properties":{"station":"KMDS","observation_time":"2026-08-21T03:55:00Z","age_hours":0.04,"temp_c":20.0,"temp_f":68.0,"dewpoint_c":18.0,"dewpoint_f":64.4,"relative_humidity":88.3,"wind_direction":230.0,"wind_speed_kt":6.0,"wind_speed_mph":6.9,"wind_gust_kt":null,"wind_gust_mph":null,"visibility_mi":null,"altimeter_inhg":30.0,"weather":null,"raw_metar":"METAR KMDS 210355Z AUTO 23006KT 10SM SCT090 20/18 A3000 RMK AO2 TSNO","network":"METAR","source":"Aviation Weather Center"}}]}